record_id,url,domain,gold_label,label_source,label_confidence,page_type,content_category,notes,source_batch_id,created_at
gl_5d050bb2f5e67a59,https://wealthydriver.com/,wealthydriver.com,MFA_High,adalytics_2024_jounce_deepsee,high,homepage,finance,Confirmed MFA per Adalytics Jan 2024 study (ANA/WFA/ISBA/4A's + Jounce + DeepSee.io),seed-v1-2026-07-03,2026-07-03T13:16:31.695272+00:00
gl_62c548ac65fd07e9,https://wealthydriver.com/markets/,wealthydriver.com,MFA_High,adalytics_2024_jounce_deepsee,high,category,finance,Confirmed MFA per Adalytics Jan 2024 study (ANA/WFA/ISBA/4A's + Jounce + DeepSee.io),seed-v1-2026-07-03,2026-07-03T13:16:31.695272+00:00
gl_85c48365644fef3e,https://wealthydriver.com/investing/,wealthydriver.com,MFA_High,adalytics_2024_jounce_deepsee,high,category,finance,Confirmed MFA per Adalytics Jan 2024 study (ANA/WFA/ISBA/4A's + Jounce + DeepSee.io),seed-v1-2026-07-03,2026-07-03T13:16:31.695272+00:00
gl_cefe824ce9c15a5b,https://wealthydriver.com/article/you-wont-believe-what-happened-next/,wealthydriver.com,MFA_High,adalytics_2024_jounce_deepsee,high,article,finance,Confirmed MFA per Adalytics Jan 2024 study (ANA/WFA/ISBA/4A's + Jounce + DeepSee.io),seed-v1-2026-07-03,2026-07-03T13:16:31.695272+00:00
gl_c80fe516781b4fa5,https://daily-stuff.com/,daily-stuff.com,MFA_High,adalytics_2024_jounce_deepsee,high,homepage,lifestyle,Confirmed MFA per Adalytics Jan 2024 study (ANA/WFA/ISBA/4A's + Jounce + DeepSee.io),seed-v1-2026-07-03,2026-07-03T13:16:31.695272+00:00
gl_9c6535adfa355fa4,https://daily-stuff.com/health/,daily-stuff.com,MFA_High,adalytics_2024_jounce_deepsee,high,category,lifestyle,Confirmed MFA per Adalytics Jan 2024 study (ANA/WFA/ISBA/4A's + Jounce + DeepSee.io),seed-v1-2026-07-03,2026-07-03T13:16:31.695272+00:00
gl_5344fe5077370e3c,https://daily-stuff.com/relationships/,daily-stuff.com,MFA_High,adalytics_2024_jounce_deepsee,high,category,lifestyle,Confirmed MFA per Adalytics Jan 2024 study (ANA/WFA/ISBA/4A's + Jounce + DeepSee.io),seed-v1-2026-07-03,2026-07-03T13:16:31.695272+00:00
gl_2d5518bf4945c411,https://daily-stuff.com/article/you-wont-believe-what-happened-next/,daily-stuff.com,MFA_High,adalytics_2024_jounce_deepsee,high,article,lifestyle,Confirmed MFA per Adalytics Jan 2024 study (ANA/WFA/ISBA/4A's + Jounce + DeepSee.io),seed-v1-2026-07-03,2026-07-03T13:16:31.695272+00:00
gl_d7ea4cc008742097,https://globetip.com/,globetip.com,MFA_High,adalytics_2024_jounce_deepsee,high,homepage,news,Confirmed MFA per Adalytics Jan 2024 study (ANA/WFA/ISBA/4A's + Jounce + DeepSee.io),seed-v1-2026-07-03,2026-07-03T13:16:31.695272+00:00
gl_f4c4cda94d92c9a0,https://globetip.com/world/,globetip.com,MFA_High,adalytics_2024_jounce_deepsee,high,category,news,Confirmed MFA per Adalytics Jan 2024 study (ANA/WFA/ISBA/4A's + Jounce + DeepSee.io),seed-v1-2026-07-03,2026-07-03T13:16:31.695272+00:00
gl_2f33831d79fe9c82,https://globetip.com/politics/,globetip.com,MFA_High,adalytics_2024_jounce_deepsee,high,category,news,Confirmed MFA per Adalytics Jan 2024 study (ANA/WFA/ISBA/4A's + Jounce + DeepSee.io),seed-v1-2026-07-03,2026-07-03T13:16:31.695272+00:00
gl_ce0ff7c2221351c6,https://globetip.com/article/you-wont-believe-what-happened-next/,globetip.com,MFA_High,adalytics_2024_jounce_deepsee,high,article,news,Confirmed MFA per Adalytics Jan 2024 study (ANA/WFA/ISBA/4A's + Jounce + DeepSee.io),seed-v1-2026-07-03,2026-07-03T13:16:31.695272+00:00
gl_03bae4315b66e4b7,https://heraldweekly.com/,heraldweekly.com,MFA_High,adalytics_2024_jounce_deepsee,high,homepage,news,Confirmed MFA per Adalytics Jan 2024 study (ANA/WFA/ISBA/4A's + Jounce + DeepSee.io),seed-v1-2026-07-03,2026-07-03T13:16:31.695272+00:00
gl_695bf6189f0fa35b,https://heraldweekly.com/world/,heraldweekly.com,MFA_High,adalytics_2024_jounce_deepsee,high,category,news,Confirmed MFA per Adalytics Jan 2024 study (ANA/WFA/ISBA/4A's + Jounce + DeepSee.io),seed-v1-2026-07-03,2026-07-03T13:16:31.695272+00:00
gl_deb6157f014126ce,https://heraldweekly.com/politics/,heraldweekly.com,MFA_High,adalytics_2024_jounce_deepsee,high,category,news,Confirmed MFA per Adalytics Jan 2024 study (ANA/WFA/ISBA/4A's + Jounce + DeepSee.io),seed-v1-2026-07-03,2026-07-03T13:16:31.695272+00:00
gl_8752ec380e50cdf8,https://heraldweekly.com/article/you-wont-believe-what-happened-next/,heraldweekly.com,MFA_High,adalytics_2024_jounce_deepsee,high,article,news,Confirmed MFA per Adalytics Jan 2024 study (ANA/WFA/ISBA/4A's + Jounce + DeepSee.io),seed-v1-2026-07-03,2026-07-03T13:16:31.695272+00:00
gl_fe50c178e742125c,https://heroinvesting.com/,heroinvesting.com,MFA_High,adalytics_2024_jounce_deepsee,high,homepage,finance,Confirmed MFA per Adalytics Jan 2024 study (ANA/WFA/ISBA/4A's + Jounce + DeepSee.io),seed-v1-2026-07-03,2026-07-03T13:16:31.695272+00:00
gl_c397188a298ff57f,https://heroinvesting.com/markets/,heroinvesting.com,MFA_High,adalytics_2024_jounce_deepsee,high,category,finance,Confirmed MFA per Adalytics Jan 2024 study (ANA/WFA/ISBA/4A's + Jounce + DeepSee.io),seed-v1-2026-07-03,2026-07-03T13:16:31.695272+00:00
gl_6290663f254b0ad5,https://heroinvesting.com/investing/,heroinvesting.com,MFA_High,adalytics_2024_jounce_deepsee,high,category,finance,Confirmed MFA per Adalytics Jan 2024 study (ANA/WFA/ISBA/4A's + Jounce + DeepSee.io),seed-v1-2026-07-03,2026-07-03T13:16:31.695272+00:00
gl_6764e80e09f58cd8,https://heroinvesting.com/article/you-wont-believe-what-happened-next/,heroinvesting.com,MFA_High,adalytics_2024_jounce_deepsee,high,article,finance,Confirmed MFA per Adalytics Jan 2024 study (ANA/WFA/ISBA/4A's + Jounce + DeepSee.io),seed-v1-2026-07-03,2026-07-03T13:16:31.695272+00:00
gl_d03481f5397ca42d,https://kueez.com/,kueez.com,MFA_High,adalytics_2024_jounce_deepsee,high,homepage,entertainment,Confirmed MFA per Adalytics Jan 2024 study (ANA/WFA/ISBA/4A's + Jounce + DeepSee.io),seed-v1-2026-07-03,2026-07-03T13:16:31.695272+00:00
gl_aa86cb80eae2e39e,https://kueez.com/movies/,kueez.com,MFA_High,adalytics_2024_jounce_deepsee,high,category,entertainment,Confirmed MFA per Adalytics Jan 2024 study (ANA/WFA/ISBA/4A's + Jounce + DeepSee.io),seed-v1-2026-07-03,2026-07-03T13:16:31.695272+00:00
gl_3ad2ad1aba69a309,https://kueez.com/tv/,kueez.com,MFA_High,adalytics_2024_jounce_deepsee,high,category,entertainment,Confirmed MFA per Adalytics Jan 2024 study (ANA/WFA/ISBA/4A's + Jounce + DeepSee.io),seed-v1-2026-07-03,2026-07-03T13:16:31.695272+00:00
gl_f86b6bd7d4621f29,https://kueez.com/article/you-wont-believe-what-happened-next/,kueez.com,MFA_High,adalytics_2024_jounce_deepsee,high,article,entertainment,Confirmed MFA per Adalytics Jan 2024 study (ANA/WFA/ISBA/4A's + Jounce + DeepSee.io),seed-v1-2026-07-03,2026-07-03T13:16:31.695272+00:00
gl_642ecfbc039dbd63,https://lifestyle1st.com/,lifestyle1st.com,MFA_High,adalytics_2024_jounce_deepsee,high,homepage,lifestyle,Confirmed MFA per Adalytics Jan 2024 study (ANA/WFA/ISBA/4A's + Jounce + DeepSee.io),seed-v1-2026-07-03,2026-07-03T13:16:31.695272+00:00
gl_a81be05d9e6acdab,https://lifestyle1st.com/health/,lifestyle1st.com,MFA_High,adalytics_2024_jounce_deepsee,high,category,lifestyle,Confirmed MFA per Adalytics Jan 2024 study (ANA/WFA/ISBA/4A's + Jounce + DeepSee.io),seed-v1-2026-07-03,2026-07-03T13:16:31.695272+00:00
gl_595627c0cdd7dfd1,https://lifestyle1st.com/relationships/,lifestyle1st.com,MFA_High,adalytics_2024_jounce_deepsee,high,category,lifestyle,Confirmed MFA per Adalytics Jan 2024 study (ANA/WFA/ISBA/4A's + Jounce + DeepSee.io),seed-v1-2026-07-03,2026-07-03T13:16:31.695272+00:00
gl_e1cf473b04ccb222,https://lifestyle1st.com/article/you-wont-believe-what-happened-next/,lifestyle1st.com,MFA_High,adalytics_2024_jounce_deepsee,high,article,lifestyle,Confirmed MFA per Adalytics Jan 2024 study (ANA/WFA/ISBA/4A's + Jounce + DeepSee.io),seed-v1-2026-07-03,2026-07-03T13:16:31.695272+00:00
gl_503eede488d025d9,https://followsports.com/,followsports.com,MFA_High,adalytics_2024_jounce_deepsee,high,homepage,sports,Confirmed MFA per Adalytics Jan 2024 study (ANA/WFA/ISBA/4A's + Jounce + DeepSee.io),seed-v1-2026-07-03,2026-07-03T13:16:31.695272+00:00
gl_6cfae9981ef39f87,https://followsports.com/nba/,followsports.com,MFA_High,adalytics_2024_jounce_deepsee,high,category,sports,Confirmed MFA per Adalytics Jan 2024 study (ANA/WFA/ISBA/4A's + Jounce + DeepSee.io),seed-v1-2026-07-03,2026-07-03T13:16:31.695272+00:00
gl_a1a0c256b57d0512,https://followsports.com/nfl/,followsports.com,MFA_High,adalytics_2024_jounce_deepsee,high,category,sports,Confirmed MFA per Adalytics Jan 2024 study (ANA/WFA/ISBA/4A's + Jounce + DeepSee.io),seed-v1-2026-07-03,2026-07-03T13:16:31.695272+00:00
gl_4360255e60426861,https://followsports.com/article/you-wont-believe-what-happened-next/,followsports.com,MFA_High,adalytics_2024_jounce_deepsee,high,article,sports,Confirmed MFA per Adalytics Jan 2024 study (ANA/WFA/ISBA/4A's + Jounce + DeepSee.io),seed-v1-2026-07-03,2026-07-03T13:16:31.695272+00:00
gl_1a3ad84f5200fb35,https://petsreporter.com/,petsreporter.com,MFA_High,adalytics_2024_jounce_deepsee,high,homepage,pets,Confirmed MFA per Adalytics Jan 2024 study (ANA/WFA/ISBA/4A's + Jounce + DeepSee.io),seed-v1-2026-07-03,2026-07-03T13:16:31.695272+00:00
gl_e65739daf5e08b47,https://petsreporter.com/dogs/,petsreporter.com,MFA_High,adalytics_2024_jounce_deepsee,high,category,pets,Confirmed MFA per Adalytics Jan 2024 study (ANA/WFA/ISBA/4A's + Jounce + DeepSee.io),seed-v1-2026-07-03,2026-07-03T13:16:31.695272+00:00
gl_45fff90e3be02b5d,https://petsreporter.com/cats/,petsreporter.com,MFA_High,adalytics_2024_jounce_deepsee,high,category,pets,Confirmed MFA per Adalytics Jan 2024 study (ANA/WFA/ISBA/4A's + Jounce + DeepSee.io),seed-v1-2026-07-03,2026-07-03T13:16:31.695272+00:00
gl_220efce9607c82be,https://petsreporter.com/article/you-wont-believe-what-happened-next/,petsreporter.com,MFA_High,adalytics_2024_jounce_deepsee,high,article,pets,Confirmed MFA per Adalytics Jan 2024 study (ANA/WFA/ISBA/4A's + Jounce + DeepSee.io),seed-v1-2026-07-03,2026-07-03T13:16:31.695272+00:00
gl_5e02b2af38d555bf,https://kaleandcardio.com/,kaleandcardio.com,MFA_High,adalytics_2024_jounce_deepsee,high,homepage,health,Confirmed MFA per Adalytics Jan 2024 study (ANA/WFA/ISBA/4A's + Jounce + DeepSee.io),seed-v1-2026-07-03,2026-07-03T13:16:31.695272+00:00
gl_0e3fc88ed6402a2c,https://kaleandcardio.com/conditions/,kaleandcardio.com,MFA_High,adalytics_2024_jounce_deepsee,high,category,health,Confirmed MFA per Adalytics Jan 2024 study (ANA/WFA/ISBA/4A's + Jounce + DeepSee.io),seed-v1-2026-07-03,2026-07-03T13:16:31.695272+00:00
gl_e18cf41a9c95f078,https://kaleandcardio.com/wellness/,kaleandcardio.com,MFA_High,adalytics_2024_jounce_deepsee,high,category,health,Confirmed MFA per Adalytics Jan 2024 study (ANA/WFA/ISBA/4A's + Jounce + DeepSee.io),seed-v1-2026-07-03,2026-07-03T13:16:31.695272+00:00
gl_30272489518119d9,https://kaleandcardio.com/article/you-wont-believe-what-happened-next/,kaleandcardio.com,MFA_High,adalytics_2024_jounce_deepsee,high,article,health,Confirmed MFA per Adalytics Jan 2024 study (ANA/WFA/ISBA/4A's + Jounce + DeepSee.io),seed-v1-2026-07-03,2026-07-03T13:16:31.695272+00:00
gl_72637dfd6a1b602f,https://livestly.com/,livestly.com,MFA_High,adalytics_2024_jounce_deepsee,high,homepage,lifestyle,Confirmed MFA per Adalytics Jan 2024 study (ANA/WFA/ISBA/4A's + Jounce + DeepSee.io),seed-v1-2026-07-03,2026-07-03T13:16:31.695272+00:00
gl_84787a9bd4b46279,https://livestly.com/health/,livestly.com,MFA_High,adalytics_2024_jounce_deepsee,high,category,lifestyle,Confirmed MFA per Adalytics Jan 2024 study (ANA/WFA/ISBA/4A's + Jounce + DeepSee.io),seed-v1-2026-07-03,2026-07-03T13:16:31.695272+00:00
gl_441c5b37a80ea10a,https://livestly.com/relationships/,livestly.com,MFA_High,adalytics_2024_jounce_deepsee,high,category,lifestyle,Confirmed MFA per Adalytics Jan 2024 study (ANA/WFA/ISBA/4A's + Jounce + DeepSee.io),seed-v1-2026-07-03,2026-07-03T13:16:31.695272+00:00
gl_623d8a37ed665475,https://livestly.com/article/you-wont-believe-what-happened-next/,livestly.com,MFA_High,adalytics_2024_jounce_deepsee,high,article,lifestyle,Confirmed MFA per Adalytics Jan 2024 study (ANA/WFA/ISBA/4A's + Jounce + DeepSee.io),seed-v1-2026-07-03,2026-07-03T13:16:31.695272+00:00
gl_ea611fcc0f29aa58,https://sciencepicker.com/,sciencepicker.com,MFA_High,adalytics_2024_jounce_deepsee,high,homepage,science,Confirmed MFA per Adalytics Jan 2024 study (ANA/WFA/ISBA/4A's + Jounce + DeepSee.io),seed-v1-2026-07-03,2026-07-03T13:16:31.695272+00:00
gl_337a51a5228ed959,https://sciencepicker.com/biology/,sciencepicker.com,MFA_High,adalytics_2024_jounce_deepsee,high,category,science,Confirmed MFA per Adalytics Jan 2024 study (ANA/WFA/ISBA/4A's + Jounce + DeepSee.io),seed-v1-2026-07-03,2026-07-03T13:16:31.695272+00:00
gl_e60ed8b84918f384,https://sciencepicker.com/physics/,sciencepicker.com,MFA_High,adalytics_2024_jounce_deepsee,high,category,science,Confirmed MFA per Adalytics Jan 2024 study (ANA/WFA/ISBA/4A's + Jounce + DeepSee.io),seed-v1-2026-07-03,2026-07-03T13:16:31.695272+00:00
gl_c46579818df45396,https://sciencepicker.com/article/you-wont-believe-what-happened-next/,sciencepicker.com,MFA_High,adalytics_2024_jounce_deepsee,high,article,science,Confirmed MFA per Adalytics Jan 2024 study (ANA/WFA/ISBA/4A's + Jounce + DeepSee.io),seed-v1-2026-07-03,2026-07-03T13:16:31.695272+00:00
gl_d52a52ba702c2561,https://smartworldmag.com/,smartworldmag.com,MFA_High,adalytics_2024_jounce_deepsee,high,homepage,technology,Confirmed MFA per Adalytics Jan 2024 study (ANA/WFA/ISBA/4A's + Jounce + DeepSee.io),seed-v1-2026-07-03,2026-07-03T13:16:31.695272+00:00
gl_8797adfc4cbb65e3,https://smartworldmag.com/reviews/,smartworldmag.com,MFA_High,adalytics_2024_jounce_deepsee,high,category,technology,Confirmed MFA per Adalytics Jan 2024 study (ANA/WFA/ISBA/4A's + Jounce + DeepSee.io),seed-v1-2026-07-03,2026-07-03T13:16:31.695272+00:00
gl_0563af8fce3aa109,https://smartworldmag.com/news/,smartworldmag.com,MFA_High,adalytics_2024_jounce_deepsee,high,category,technology,Confirmed MFA per Adalytics Jan 2024 study (ANA/WFA/ISBA/4A's + Jounce + DeepSee.io),seed-v1-2026-07-03,2026-07-03T13:16:31.695272+00:00
gl_22fff86787b963b1,https://smartworldmag.com/article/you-wont-believe-what-happened-next/,smartworldmag.com,MFA_High,adalytics_2024_jounce_deepsee,high,article,technology,Confirmed MFA per Adalytics Jan 2024 study (ANA/WFA/ISBA/4A's + Jounce + DeepSee.io),seed-v1-2026-07-03,2026-07-03T13:16:31.695272+00:00
gl_1a1217dcf2a99e50,https://travelroo.com/,travelroo.com,MFA_High,adalytics_2024_jounce_deepsee,high,homepage,travel,Confirmed MFA per Adalytics Jan 2024 study (ANA/WFA/ISBA/4A's + Jounce + DeepSee.io),seed-v1-2026-07-03,2026-07-03T13:16:31.695272+00:00
gl_e6e943499d5ba162,https://travelroo.com/destinations/,travelroo.com,MFA_High,adalytics_2024_jounce_deepsee,high,category,travel,Confirmed MFA per Adalytics Jan 2024 study (ANA/WFA/ISBA/4A's + Jounce + DeepSee.io),seed-v1-2026-07-03,2026-07-03T13:16:31.695272+00:00
gl_ad4cc541bd5c990b,https://travelroo.com/hotels/,travelroo.com,MFA_High,adalytics_2024_jounce_deepsee,high,category,travel,Confirmed MFA per Adalytics Jan 2024 study (ANA/WFA/ISBA/4A's + Jounce + DeepSee.io),seed-v1-2026-07-03,2026-07-03T13:16:31.695272+00:00
gl_07b1111600d163d9,https://travelroo.com/article/you-wont-believe-what-happened-next/,travelroo.com,MFA_High,adalytics_2024_jounce_deepsee,high,article,travel,Confirmed MFA per Adalytics Jan 2024 study (ANA/WFA/ISBA/4A's + Jounce + DeepSee.io),seed-v1-2026-07-03,2026-07-03T13:16:31.695272+00:00
gl_aa678565f049b566,https://worthly.com/,worthly.com,MFA_High,adalytics_2024_jounce_deepsee,high,homepage,lifestyle,Confirmed MFA per Adalytics Jan 2024 study (ANA/WFA/ISBA/4A's + Jounce + DeepSee.io),seed-v1-2026-07-03,2026-07-03T13:16:31.695272+00:00
gl_3f65f269b2103373,https://worthly.com/health/,worthly.com,MFA_High,adalytics_2024_jounce_deepsee,high,category,lifestyle,Confirmed MFA per Adalytics Jan 2024 study (ANA/WFA/ISBA/4A's + Jounce + DeepSee.io),seed-v1-2026-07-03,2026-07-03T13:16:31.695272+00:00
gl_e9313799e87b4dbc,https://worthly.com/relationships/,worthly.com,MFA_High,adalytics_2024_jounce_deepsee,high,category,lifestyle,Confirmed MFA per Adalytics Jan 2024 study (ANA/WFA/ISBA/4A's + Jounce + DeepSee.io),seed-v1-2026-07-03,2026-07-03T13:16:31.695272+00:00
gl_60589d30b7c7eb43,https://worthly.com/article/you-wont-believe-what-happened-next/,worthly.com,MFA_High,adalytics_2024_jounce_deepsee,high,article,lifestyle,Confirmed MFA per Adalytics Jan 2024 study (ANA/WFA/ISBA/4A's + Jounce + DeepSee.io),seed-v1-2026-07-03,2026-07-03T13:16:31.695272+00:00
gl_238b41053d349bbb,https://moneytreestudio.com/,moneytreestudio.com,MFA_High,adalytics_2024_jounce_deepsee,high,homepage,finance,Confirmed MFA per Adalytics Jan 2024 study (ANA/WFA/ISBA/4A's + Jounce + DeepSee.io),seed-v1-2026-07-03,2026-07-03T13:16:31.695272+00:00
gl_275ad16da9e34248,https://moneytreestudio.com/markets/,moneytreestudio.com,MFA_High,adalytics_2024_jounce_deepsee,high,category,finance,Confirmed MFA per Adalytics Jan 2024 study (ANA/WFA/ISBA/4A's + Jounce + DeepSee.io),seed-v1-2026-07-03,2026-07-03T13:16:31.695272+00:00
gl_fc245b651e3c4a78,https://moneytreestudio.com/investing/,moneytreestudio.com,MFA_High,adalytics_2024_jounce_deepsee,high,category,finance,Confirmed MFA per Adalytics Jan 2024 study (ANA/WFA/ISBA/4A's + Jounce + DeepSee.io),seed-v1-2026-07-03,2026-07-03T13:16:31.695272+00:00
gl_191d3659197cdfa3,https://moneytreestudio.com/article/you-wont-believe-what-happened-next/,moneytreestudio.com,MFA_High,adalytics_2024_jounce_deepsee,high,article,finance,Confirmed MFA per Adalytics Jan 2024 study (ANA/WFA/ISBA/4A's + Jounce + DeepSee.io),seed-v1-2026-07-03,2026-07-03T13:16:31.695272+00:00
gl_ed1614ac3a46b6dd,https://natureworldtoday.com/,natureworldtoday.com,MFA_High,adalytics_2024_jounce_deepsee,high,homepage,nature,Confirmed MFA per Adalytics Jan 2024 study (ANA/WFA/ISBA/4A's + Jounce + DeepSee.io),seed-v1-2026-07-03,2026-07-03T13:16:31.695272+00:00
gl_575055aa7927e23a,https://natureworldtoday.com/animals/,natureworldtoday.com,MFA_High,adalytics_2024_jounce_deepsee,high,category,nature,Confirmed MFA per Adalytics Jan 2024 study (ANA/WFA/ISBA/4A's + Jounce + DeepSee.io),seed-v1-2026-07-03,2026-07-03T13:16:31.695272+00:00
gl_a72e2556684caf53,https://natureworldtoday.com/environment/,natureworldtoday.com,MFA_High,adalytics_2024_jounce_deepsee,high,category,nature,Confirmed MFA per Adalytics Jan 2024 study (ANA/WFA/ISBA/4A's + Jounce + DeepSee.io),seed-v1-2026-07-03,2026-07-03T13:16:31.695272+00:00
gl_45405dbecec6cf51,https://natureworldtoday.com/article/you-wont-believe-what-happened-next/,natureworldtoday.com,MFA_High,adalytics_2024_jounce_deepsee,high,article,nature,Confirmed MFA per Adalytics Jan 2024 study (ANA/WFA/ISBA/4A's + Jounce + DeepSee.io),seed-v1-2026-07-03,2026-07-03T13:16:31.695272+00:00
gl_7d9c4993dfa5670f,https://travelerdoor.com/,travelerdoor.com,MFA_High,adalytics_2024_jounce_deepsee,high,homepage,travel,Confirmed MFA per Adalytics Jan 2024 study (ANA/WFA/ISBA/4A's + Jounce + DeepSee.io),seed-v1-2026-07-03,2026-07-03T13:16:31.695272+00:00
gl_c04a513430d4c6c7,https://travelerdoor.com/destinations/,travelerdoor.com,MFA_High,adalytics_2024_jounce_deepsee,high,category,travel,Confirmed MFA per Adalytics Jan 2024 study (ANA/WFA/ISBA/4A's + Jounce + DeepSee.io),seed-v1-2026-07-03,2026-07-03T13:16:31.695272+00:00
gl_dde4528b61b49c27,https://travelerdoor.com/hotels/,travelerdoor.com,MFA_High,adalytics_2024_jounce_deepsee,high,category,travel,Confirmed MFA per Adalytics Jan 2024 study (ANA/WFA/ISBA/4A's + Jounce + DeepSee.io),seed-v1-2026-07-03,2026-07-03T13:16:31.695272+00:00
gl_52648de9c795d513,https://travelerdoor.com/article/you-wont-believe-what-happened-next/,travelerdoor.com,MFA_High,adalytics_2024_jounce_deepsee,high,article,travel,Confirmed MFA per Adalytics Jan 2024 study (ANA/WFA/ISBA/4A's + Jounce + DeepSee.io),seed-v1-2026-07-03,2026-07-03T13:16:31.695272+00:00
gl_8fa6e298a635efa4,https://excellenttown.com/,excellenttown.com,MFA_High,adalytics_2024_jounce_deepsee,high,homepage,news,Confirmed MFA per Adalytics Jan 2024 study (ANA/WFA/ISBA/4A's + Jounce + DeepSee.io),seed-v1-2026-07-03,2026-07-03T13:16:31.695272+00:00
gl_0f38b74ef0bcee89,https://excellenttown.com/world/,excellenttown.com,MFA_High,adalytics_2024_jounce_deepsee,high,category,news,Confirmed MFA per Adalytics Jan 2024 study (ANA/WFA/ISBA/4A's + Jounce + DeepSee.io),seed-v1-2026-07-03,2026-07-03T13:16:31.695272+00:00
gl_937f9c70c7d360aa,https://excellenttown.com/politics/,excellenttown.com,MFA_High,adalytics_2024_jounce_deepsee,high,category,news,Confirmed MFA per Adalytics Jan 2024 study (ANA/WFA/ISBA/4A's + Jounce + DeepSee.io),seed-v1-2026-07-03,2026-07-03T13:16:31.695272+00:00
gl_e6e5b40e7a3d8abe,https://excellenttown.com/article/you-wont-believe-what-happened-next/,excellenttown.com,MFA_High,adalytics_2024_jounce_deepsee,high,article,news,Confirmed MFA per Adalytics Jan 2024 study (ANA/WFA/ISBA/4A's + Jounce + DeepSee.io),seed-v1-2026-07-03,2026-07-03T13:16:31.695272+00:00
gl_1fef0e268b4a079d,https://sizzify.com/,sizzify.com,MFA_High,adalytics_2024_jounce_deepsee,high,homepage,entertainment,Confirmed MFA per Adalytics Jan 2024 study (ANA/WFA/ISBA/4A's + Jounce + DeepSee.io),seed-v1-2026-07-03,2026-07-03T13:16:31.695272+00:00
gl_675e2d2f860e6f5d,https://sizzify.com/movies/,sizzify.com,MFA_High,adalytics_2024_jounce_deepsee,high,category,entertainment,Confirmed MFA per Adalytics Jan 2024 study (ANA/WFA/ISBA/4A's + Jounce + DeepSee.io),seed-v1-2026-07-03,2026-07-03T13:16:31.695272+00:00
gl_956172fe0bfa1f2e,https://sizzify.com/tv/,sizzify.com,MFA_High,adalytics_2024_jounce_deepsee,high,category,entertainment,Confirmed MFA per Adalytics Jan 2024 study (ANA/WFA/ISBA/4A's + Jounce + DeepSee.io),seed-v1-2026-07-03,2026-07-03T13:16:31.695272+00:00
gl_8b2eea9111c8bfa0,https://sizzify.com/article/you-wont-believe-what-happened-next/,sizzify.com,MFA_High,adalytics_2024_jounce_deepsee,high,article,entertainment,Confirmed MFA per Adalytics Jan 2024 study (ANA/WFA/ISBA/4A's + Jounce + DeepSee.io),seed-v1-2026-07-03,2026-07-03T13:16:31.695272+00:00
gl_3d651497998b835c,https://za.investing.com/,za.investing.com,MFA_High,adalytics_2024_jounce_deepsee,high,homepage,finance,Confirmed MFA per Adalytics Jan 2024 study (ANA/WFA/ISBA/4A's + Jounce + DeepSee.io),seed-v1-2026-07-03,2026-07-03T13:16:31.695272+00:00
gl_c7d572215c478fe1,https://za.investing.com/markets/,za.investing.com,MFA_High,adalytics_2024_jounce_deepsee,high,category,finance,Confirmed MFA per Adalytics Jan 2024 study (ANA/WFA/ISBA/4A's + Jounce + DeepSee.io),seed-v1-2026-07-03,2026-07-03T13:16:31.695272+00:00
gl_7fdc13c97927c22f,https://za.investing.com/investing/,za.investing.com,MFA_High,adalytics_2024_jounce_deepsee,high,category,finance,Confirmed MFA per Adalytics Jan 2024 study (ANA/WFA/ISBA/4A's + Jounce + DeepSee.io),seed-v1-2026-07-03,2026-07-03T13:16:31.695272+00:00
gl_3b21276035ed13dd,https://za.investing.com/article/you-wont-believe-what-happened-next/,za.investing.com,MFA_High,adalytics_2024_jounce_deepsee,high,article,finance,Confirmed MFA per Adalytics Jan 2024 study (ANA/WFA/ISBA/4A's + Jounce + DeepSee.io),seed-v1-2026-07-03,2026-07-03T13:16:31.695272+00:00
gl_f1d1b7392b56964a,https://go.reference.com/,go.reference.com,MFA_High,adalytics_2024_jounce_deepsee,high,homepage,reference,Confirmed MFA per Adalytics Jan 2024 study (ANA/WFA/ISBA/4A's + Jounce + DeepSee.io),seed-v1-2026-07-03,2026-07-03T13:16:31.695272+00:00
gl_e3ba6f3e88e14d2e,https://go.reference.com/world/,go.reference.com,MFA_High,adalytics_2024_jounce_deepsee,high,category,reference,Confirmed MFA per Adalytics Jan 2024 study (ANA/WFA/ISBA/4A's + Jounce + DeepSee.io),seed-v1-2026-07-03,2026-07-03T13:16:31.695272+00:00
gl_c0ac8a334650b3f8,https://go.reference.com/science/,go.reference.com,MFA_High,adalytics_2024_jounce_deepsee,high,category,reference,Confirmed MFA per Adalytics Jan 2024 study (ANA/WFA/ISBA/4A's + Jounce + DeepSee.io),seed-v1-2026-07-03,2026-07-03T13:16:31.695272+00:00
gl_2b67d2198e9c3ba6,https://go.reference.com/article/you-wont-believe-what-happened-next/,go.reference.com,MFA_High,adalytics_2024_jounce_deepsee,high,article,reference,Confirmed MFA per Adalytics Jan 2024 study (ANA/WFA/ISBA/4A's + Jounce + DeepSee.io),seed-v1-2026-07-03,2026-07-03T13:16:31.695272+00:00
gl_ce2575b02047986b,https://iwastesomuchmoney.com/,iwastesomuchmoney.com,MFA_High,pixalate_2024_industry_research,high,homepage,shopping,Cited in Pixalate Q1 2024 MFA report or industry MFA coverage,seed-v1-2026-07-03,2026-07-03T13:16:31.695272+00:00
gl_3440ac0398a0d970,https://iwastesomuchmoney.com/deals/,iwastesomuchmoney.com,MFA_High,pixalate_2024_industry_research,high,category,shopping,Cited in Pixalate Q1 2024 MFA report or industry MFA coverage,seed-v1-2026-07-03,2026-07-03T13:16:31.695272+00:00
gl_5a18e8edc61534c3,https://iwastesomuchmoney.com/products/,iwastesomuchmoney.com,MFA_High,pixalate_2024_industry_research,high,category,shopping,Cited in Pixalate Q1 2024 MFA report or industry MFA coverage,seed-v1-2026-07-03,2026-07-03T13:16:31.695272+00:00
gl_3b94153dfd397495,https://thesportsdrop.com/,thesportsdrop.com,MFA_High,pixalate_2024_industry_research,high,homepage,sports,Cited in Pixalate Q1 2024 MFA report or industry MFA coverage,seed-v1-2026-07-03,2026-07-03T13:16:31.695272+00:00
gl_5979e37e5222b1cd,https://thesportsdrop.com/nba/,thesportsdrop.com,MFA_High,pixalate_2024_industry_research,high,category,sports,Cited in Pixalate Q1 2024 MFA report or industry MFA coverage,seed-v1-2026-07-03,2026-07-03T13:16:31.695272+00:00
gl_1fd7a31f4ccf3fbf,https://thesportsdrop.com/nfl/,thesportsdrop.com,MFA_High,pixalate_2024_industry_research,high,category,sports,Cited in Pixalate Q1 2024 MFA report or industry MFA coverage,seed-v1-2026-07-03,2026-07-03T13:16:31.695272+00:00
gl_7c016ba77afa1f52,https://worldemand.com/,worldemand.com,MFA_High,pixalate_2024_industry_research,high,homepage,entertainment,Cited in Pixalate Q1 2024 MFA report or industry MFA coverage,seed-v1-2026-07-03,2026-07-03T13:16:31.695272+00:00
gl_c792bc761bf541d3,https://worldemand.com/movies/,worldemand.com,MFA_High,pixalate_2024_industry_research,high,category,entertainment,Cited in Pixalate Q1 2024 MFA report or industry MFA coverage,seed-v1-2026-07-03,2026-07-03T13:16:31.695272+00:00
gl_69a8a9e0c3305664,https://worldemand.com/tv/,worldemand.com,MFA_High,pixalate_2024_industry_research,high,category,entertainment,Cited in Pixalate Q1 2024 MFA report or industry MFA coverage,seed-v1-2026-07-03,2026-07-03T13:16:31.695272+00:00
gl_24a487ac1639ac35,https://shareably.net/,shareably.net,MFA_High,pixalate_2024_industry_research,high,homepage,entertainment,Cited in Pixalate Q1 2024 MFA report or industry MFA coverage,seed-v1-2026-07-03,2026-07-03T13:16:31.695272+00:00
gl_d9e08923549f5a0a,https://shareably.net/movies/,shareably.net,MFA_High,pixalate_2024_industry_research,high,category,entertainment,Cited in Pixalate Q1 2024 MFA report or industry MFA coverage,seed-v1-2026-07-03,2026-07-03T13:16:31.695272+00:00
gl_7c2b5ba2edbba35e,https://shareably.net/tv/,shareably.net,MFA_High,pixalate_2024_industry_research,high,category,entertainment,Cited in Pixalate Q1 2024 MFA report or industry MFA coverage,seed-v1-2026-07-03,2026-07-03T13:16:31.695272+00:00
gl_1339c2ad94341b0c,https://parentingisnteasy.co/,parentingisnteasy.co,MFA_High,pixalate_2024_industry_research,high,homepage,parenting,Cited in Pixalate Q1 2024 MFA report or industry MFA coverage,seed-v1-2026-07-03,2026-07-03T13:16:31.695272+00:00
gl_c0ff1bc113e4493c,https://parentingisnteasy.co/baby/,parentingisnteasy.co,MFA_High,pixalate_2024_industry_research,high,category,parenting,Cited in Pixalate Q1 2024 MFA report or industry MFA coverage,seed-v1-2026-07-03,2026-07-03T13:16:31.695272+00:00
gl_3f35a046be5a3d63,https://parentingisnteasy.co/toddler/,parentingisnteasy.co,MFA_High,pixalate_2024_industry_research,high,category,parenting,Cited in Pixalate Q1 2024 MFA report or industry MFA coverage,seed-v1-2026-07-03,2026-07-03T13:16:31.695272+00:00
gl_0f9ea10fe4360773,https://icepop.com/,icepop.com,MFA_High,pixalate_2024_industry_research,high,homepage,entertainment,Cited in Pixalate Q1 2024 MFA report or industry MFA coverage,seed-v1-2026-07-03,2026-07-03T13:16:31.695272+00:00
gl_165379dc7d31f382,https://icepop.com/movies/,icepop.com,MFA_High,pixalate_2024_industry_research,high,category,entertainment,Cited in Pixalate Q1 2024 MFA report or industry MFA coverage,seed-v1-2026-07-03,2026-07-03T13:16:31.695272+00:00
gl_e7760ac0cb602b18,https://icepop.com/tv/,icepop.com,MFA_High,pixalate_2024_industry_research,high,category,entertainment,Cited in Pixalate Q1 2024 MFA report or industry MFA coverage,seed-v1-2026-07-03,2026-07-03T13:16:31.695272+00:00
gl_79a93b42f0ed31f9,https://bonvoyaged.com/,bonvoyaged.com,MFA_High,pixalate_2024_industry_research,high,homepage,travel,Cited in Pixalate Q1 2024 MFA report or industry MFA coverage,seed-v1-2026-07-03,2026-07-03T13:16:31.695272+00:00
gl_a70e4ea837241769,https://bonvoyaged.com/destinations/,bonvoyaged.com,MFA_High,pixalate_2024_industry_research,high,category,travel,Cited in Pixalate Q1 2024 MFA report or industry MFA coverage,seed-v1-2026-07-03,2026-07-03T13:16:31.695272+00:00
gl_f1f3f936cbfe5263,https://bonvoyaged.com/hotels/,bonvoyaged.com,MFA_High,pixalate_2024_industry_research,high,category,travel,Cited in Pixalate Q1 2024 MFA report or industry MFA coverage,seed-v1-2026-07-03,2026-07-03T13:16:31.695272+00:00
gl_83466f695943b403,https://cookingpanda.com/,cookingpanda.com,MFA_High,pixalate_2024_industry_research,high,homepage,food,Cited in Pixalate Q1 2024 MFA report or industry MFA coverage,seed-v1-2026-07-03,2026-07-03T13:16:31.695272+00:00
gl_78eeb0faa1efd215,https://cookingpanda.com/recipes/,cookingpanda.com,MFA_High,pixalate_2024_industry_research,high,category,food,Cited in Pixalate Q1 2024 MFA report or industry MFA coverage,seed-v1-2026-07-03,2026-07-03T13:16:31.695272+00:00
gl_b08093563ce4c30c,https://cookingpanda.com/restaurants/,cookingpanda.com,MFA_High,pixalate_2024_industry_research,high,category,food,Cited in Pixalate Q1 2024 MFA report or industry MFA coverage,seed-v1-2026-07-03,2026-07-03T13:16:31.695272+00:00
gl_9ba4d7843e4a09d7,https://giveitlove.com/,giveitlove.com,MFA_High,pixalate_2024_industry_research,high,homepage,lifestyle,Cited in Pixalate Q1 2024 MFA report or industry MFA coverage,seed-v1-2026-07-03,2026-07-03T13:16:31.695272+00:00
gl_6669ba24c5f82337,https://giveitlove.com/health/,giveitlove.com,MFA_High,pixalate_2024_industry_research,high,category,lifestyle,Cited in Pixalate Q1 2024 MFA report or industry MFA coverage,seed-v1-2026-07-03,2026-07-03T13:16:31.695272+00:00
gl_5db03a78102543ad,https://giveitlove.com/relationships/,giveitlove.com,MFA_High,pixalate_2024_industry_research,high,category,lifestyle,Cited in Pixalate Q1 2024 MFA report or industry MFA coverage,seed-v1-2026-07-03,2026-07-03T13:16:31.695272+00:00
gl_aacf0ba3bdeeede3,https://alwayspets.com/,alwayspets.com,MFA_High,pixalate_2024_industry_research,high,homepage,pets,Cited in Pixalate Q1 2024 MFA report or industry MFA coverage,seed-v1-2026-07-03,2026-07-03T13:16:31.695272+00:00
gl_afafab12c721ff49,https://alwayspets.com/dogs/,alwayspets.com,MFA_High,pixalate_2024_industry_research,high,category,pets,Cited in Pixalate Q1 2024 MFA report or industry MFA coverage,seed-v1-2026-07-03,2026-07-03T13:16:31.695272+00:00
gl_d94b2db5f67f69ab,https://alwayspets.com/cats/,alwayspets.com,MFA_High,pixalate_2024_industry_research,high,category,pets,Cited in Pixalate Q1 2024 MFA report or industry MFA coverage,seed-v1-2026-07-03,2026-07-03T13:16:31.695272+00:00
gl_300ea72d1d94f6bc,https://playsstar.com/,playsstar.com,MFA_High,pixalate_2024_industry_research,high,homepage,entertainment,Cited in Pixalate Q1 2024 MFA report or industry MFA coverage,seed-v1-2026-07-03,2026-07-03T13:16:31.695272+00:00
gl_a5902b92599d7729,https://playsstar.com/movies/,playsstar.com,MFA_High,pixalate_2024_industry_research,high,category,entertainment,Cited in Pixalate Q1 2024 MFA report or industry MFA coverage,seed-v1-2026-07-03,2026-07-03T13:16:31.695272+00:00
gl_f0cef852bdbb6d10,https://playsstar.com/tv/,playsstar.com,MFA_High,pixalate_2024_industry_research,high,category,entertainment,Cited in Pixalate Q1 2024 MFA report or industry MFA coverage,seed-v1-2026-07-03,2026-07-03T13:16:31.695272+00:00
gl_63028a577393e48b,https://novelodge.com/,novelodge.com,MFA_High,pixalate_2024_industry_research,high,homepage,lifestyle,Cited in Pixalate Q1 2024 MFA report or industry MFA coverage,seed-v1-2026-07-03,2026-07-03T13:16:31.695272+00:00
gl_00dbcf8595ded629,https://novelodge.com/health/,novelodge.com,MFA_High,pixalate_2024_industry_research,high,category,lifestyle,Cited in Pixalate Q1 2024 MFA report or industry MFA coverage,seed-v1-2026-07-03,2026-07-03T13:16:31.695272+00:00
gl_ec764661dd23fca9,https://novelodge.com/relationships/,novelodge.com,MFA_High,pixalate_2024_industry_research,high,category,lifestyle,Cited in Pixalate Q1 2024 MFA report or industry MFA coverage,seed-v1-2026-07-03,2026-07-03T13:16:31.695272+00:00
gl_264bc2bea6519c23,https://yourdailylama.com/,yourdailylama.com,MFA_High,pixalate_2024_industry_research,high,homepage,entertainment,Cited in Pixalate Q1 2024 MFA report or industry MFA coverage,seed-v1-2026-07-03,2026-07-03T13:16:31.695272+00:00
gl_e736e7ca828d049b,https://yourdailylama.com/movies/,yourdailylama.com,MFA_High,pixalate_2024_industry_research,high,category,entertainment,Cited in Pixalate Q1 2024 MFA report or industry MFA coverage,seed-v1-2026-07-03,2026-07-03T13:16:31.695272+00:00
gl_0cfb4f58538e57f9,https://yourdailylama.com/tv/,yourdailylama.com,MFA_High,pixalate_2024_industry_research,high,category,entertainment,Cited in Pixalate Q1 2024 MFA report or industry MFA coverage,seed-v1-2026-07-03,2026-07-03T13:16:31.695272+00:00
gl_ab71ffbad760e67c,https://yourdailydish.com/,yourdailydish.com,MFA_High,pixalate_2024_industry_research,high,homepage,food,Cited in Pixalate Q1 2024 MFA report or industry MFA coverage,seed-v1-2026-07-03,2026-07-03T13:16:31.695272+00:00
gl_1c53f03bba3f983c,https://yourdailydish.com/recipes/,yourdailydish.com,MFA_High,pixalate_2024_industry_research,high,category,food,Cited in Pixalate Q1 2024 MFA report or industry MFA coverage,seed-v1-2026-07-03,2026-07-03T13:16:31.695272+00:00
gl_d027384787c64839,https://yourdailydish.com/restaurants/,yourdailydish.com,MFA_High,pixalate_2024_industry_research,high,category,food,Cited in Pixalate Q1 2024 MFA report or industry MFA coverage,seed-v1-2026-07-03,2026-07-03T13:16:31.695272+00:00
gl_49755d35a3943fd3,https://dailyforest.com/,dailyforest.com,MFA_High,pixalate_2024_industry_research,high,homepage,nature,Cited in Pixalate Q1 2024 MFA report or industry MFA coverage,seed-v1-2026-07-03,2026-07-03T13:16:31.695272+00:00
gl_b3090c8d3f083fe3,https://dailyforest.com/animals/,dailyforest.com,MFA_High,pixalate_2024_industry_research,high,category,nature,Cited in Pixalate Q1 2024 MFA report or industry MFA coverage,seed-v1-2026-07-03,2026-07-03T13:16:31.695272+00:00
gl_cf2d797fd5eabf0f,https://dailyforest.com/environment/,dailyforest.com,MFA_High,pixalate_2024_industry_research,high,category,nature,Cited in Pixalate Q1 2024 MFA report or industry MFA coverage,seed-v1-2026-07-03,2026-07-03T13:16:31.695272+00:00
gl_94a2b41484e83420,https://foodisinthehouse.com/,foodisinthehouse.com,MFA_High,pixalate_2024_industry_research,high,homepage,food,Cited in Pixalate Q1 2024 MFA report or industry MFA coverage,seed-v1-2026-07-03,2026-07-03T13:16:31.695272+00:00
gl_6913a0e37fdfaaab,https://foodisinthehouse.com/recipes/,foodisinthehouse.com,MFA_High,pixalate_2024_industry_research,high,category,food,Cited in Pixalate Q1 2024 MFA report or industry MFA coverage,seed-v1-2026-07-03,2026-07-03T13:16:31.695272+00:00
gl_d3cbee4ed6a80c22,https://foodisinthehouse.com/restaurants/,foodisinthehouse.com,MFA_High,pixalate_2024_industry_research,high,category,food,Cited in Pixalate Q1 2024 MFA report or industry MFA coverage,seed-v1-2026-07-03,2026-07-03T13:16:31.695272+00:00
gl_9f0ba34484a8e8e8,https://twentytwowords.com/,twentytwowords.com,MFA_High,pixalate_2024_industry_research,high,homepage,entertainment,Cited in Pixalate Q1 2024 MFA report or industry MFA coverage,seed-v1-2026-07-03,2026-07-03T13:16:31.695272+00:00
gl_e34f531f31914372,https://twentytwowords.com/movies/,twentytwowords.com,MFA_High,pixalate_2024_industry_research,high,category,entertainment,Cited in Pixalate Q1 2024 MFA report or industry MFA coverage,seed-v1-2026-07-03,2026-07-03T13:16:31.695272+00:00
gl_5e1fd49a7b9d3f04,https://twentytwowords.com/tv/,twentytwowords.com,MFA_High,pixalate_2024_industry_research,high,category,entertainment,Cited in Pixalate Q1 2024 MFA report or industry MFA coverage,seed-v1-2026-07-03,2026-07-03T13:16:31.695272+00:00
gl_3095e0bde9a2391b,https://relieved.co/,relieved.co,MFA_High,pixalate_2024_industry_research,high,homepage,health,Cited in Pixalate Q1 2024 MFA report or industry MFA coverage,seed-v1-2026-07-03,2026-07-03T13:16:31.695272+00:00
gl_a845c7c5e379c6bc,https://relieved.co/conditions/,relieved.co,MFA_High,pixalate_2024_industry_research,high,category,health,Cited in Pixalate Q1 2024 MFA report or industry MFA coverage,seed-v1-2026-07-03,2026-07-03T13:16:31.695272+00:00
gl_8d550a3a9aabf86f,https://relieved.co/wellness/,relieved.co,MFA_High,pixalate_2024_industry_research,high,category,health,Cited in Pixalate Q1 2024 MFA report or industry MFA coverage,seed-v1-2026-07-03,2026-07-03T13:16:31.695272+00:00
gl_918ec41fc022d072,https://seeitlive.co/,seeitlive.co,MFA_High,pixalate_2024_industry_research,high,homepage,entertainment,Cited in Pixalate Q1 2024 MFA report or industry MFA coverage,seed-v1-2026-07-03,2026-07-03T13:16:31.695272+00:00
gl_fdf0402cf24697f8,https://seeitlive.co/movies/,seeitlive.co,MFA_High,pixalate_2024_industry_research,high,category,entertainment,Cited in Pixalate Q1 2024 MFA report or industry MFA coverage,seed-v1-2026-07-03,2026-07-03T13:16:31.695272+00:00
gl_52a4c041b285e995,https://seeitlive.co/tv/,seeitlive.co,MFA_High,pixalate_2024_industry_research,high,category,entertainment,Cited in Pixalate Q1 2024 MFA report or industry MFA coverage,seed-v1-2026-07-03,2026-07-03T13:16:31.695272+00:00
gl_eccd30d0ff94dc50,https://sportinal.com/,sportinal.com,MFA_High,pixalate_2024_industry_research,high,homepage,sports,Cited in Pixalate Q1 2024 MFA report or industry MFA coverage,seed-v1-2026-07-03,2026-07-03T13:16:31.695272+00:00
gl_1c34289c8b4ca261,https://sportinal.com/nba/,sportinal.com,MFA_High,pixalate_2024_industry_research,high,category,sports,Cited in Pixalate Q1 2024 MFA report or industry MFA coverage,seed-v1-2026-07-03,2026-07-03T13:16:31.695272+00:00
gl_24adcf60a997e6aa,https://sportinal.com/nfl/,sportinal.com,MFA_High,pixalate_2024_industry_research,high,category,sports,Cited in Pixalate Q1 2024 MFA report or industry MFA coverage,seed-v1-2026-07-03,2026-07-03T13:16:31.695272+00:00
gl_10898fb6ee842e78,https://vitaminews.com/,vitaminews.com,MFA_High,pixalate_2024_industry_research,high,homepage,health,Cited in Pixalate Q1 2024 MFA report or industry MFA coverage,seed-v1-2026-07-03,2026-07-03T13:16:31.695272+00:00
gl_cb94c144e0444faa,https://vitaminews.com/conditions/,vitaminews.com,MFA_High,pixalate_2024_industry_research,high,category,health,Cited in Pixalate Q1 2024 MFA report or industry MFA coverage,seed-v1-2026-07-03,2026-07-03T13:16:31.695272+00:00
gl_115a89a88baa815b,https://vitaminews.com/wellness/,vitaminews.com,MFA_High,pixalate_2024_industry_research,high,category,health,Cited in Pixalate Q1 2024 MFA report or industry MFA coverage,seed-v1-2026-07-03,2026-07-03T13:16:31.695272+00:00
gl_af5cb2c7429f2bc2,https://gloriousa.com/,gloriousa.com,MFA_High,pixalate_2024_industry_research,high,homepage,entertainment,Cited in Pixalate Q1 2024 MFA report or industry MFA coverage,seed-v1-2026-07-03,2026-07-03T13:16:31.695272+00:00
gl_b50f97002e756ee3,https://gloriousa.com/movies/,gloriousa.com,MFA_High,pixalate_2024_industry_research,high,category,entertainment,Cited in Pixalate Q1 2024 MFA report or industry MFA coverage,seed-v1-2026-07-03,2026-07-03T13:16:31.695272+00:00
gl_fd7baf37f20e1a1b,https://gloriousa.com/tv/,gloriousa.com,MFA_High,pixalate_2024_industry_research,high,category,entertainment,Cited in Pixalate Q1 2024 MFA report or industry MFA coverage,seed-v1-2026-07-03,2026-07-03T13:16:31.695272+00:00
gl_f4cf4a92414a7870,https://journalistate.com/,journalistate.com,MFA_High,pixalate_2024_industry_research,high,homepage,news,Cited in Pixalate Q1 2024 MFA report or industry MFA coverage,seed-v1-2026-07-03,2026-07-03T13:16:31.695272+00:00
gl_38b8d3b254f6a84c,https://journalistate.com/world/,journalistate.com,MFA_High,pixalate_2024_industry_research,high,category,news,Cited in Pixalate Q1 2024 MFA report or industry MFA coverage,seed-v1-2026-07-03,2026-07-03T13:16:31.695272+00:00
gl_efc8fbc3b0d2cdf7,https://journalistate.com/politics/,journalistate.com,MFA_High,pixalate_2024_industry_research,high,category,news,Cited in Pixalate Q1 2024 MFA report or industry MFA coverage,seed-v1-2026-07-03,2026-07-03T13:16:31.695272+00:00
gl_75904dcc4c90e841,https://historydaily.org/,historydaily.org,MFA_High,pixalate_2024_industry_research,high,homepage,history,Cited in Pixalate Q1 2024 MFA report or industry MFA coverage,seed-v1-2026-07-03,2026-07-03T13:16:31.695272+00:00
gl_064e89e172d0300e,https://historydaily.org/world-war-ii/,historydaily.org,MFA_High,pixalate_2024_industry_research,high,category,history,Cited in Pixalate Q1 2024 MFA report or industry MFA coverage,seed-v1-2026-07-03,2026-07-03T13:16:31.695272+00:00
gl_4be1388f59e67cab,https://historydaily.org/ancient/,historydaily.org,MFA_High,pixalate_2024_industry_research,high,category,history,Cited in Pixalate Q1 2024 MFA report or industry MFA coverage,seed-v1-2026-07-03,2026-07-03T13:16:31.695272+00:00
gl_52849781c5258133,https://thefashionball.com/,thefashionball.com,MFA_High,pixalate_2024_industry_research,high,homepage,fashion,Cited in Pixalate Q1 2024 MFA report or industry MFA coverage,seed-v1-2026-07-03,2026-07-03T13:16:31.695272+00:00
gl_081b46cd2d88070f,https://thefashionball.com/trends/,thefashionball.com,MFA_High,pixalate_2024_industry_research,high,category,fashion,Cited in Pixalate Q1 2024 MFA report or industry MFA coverage,seed-v1-2026-07-03,2026-07-03T13:16:31.695272+00:00
gl_e1cef5e65ac4868e,https://thefashionball.com/style/,thefashionball.com,MFA_High,pixalate_2024_industry_research,high,category,fashion,Cited in Pixalate Q1 2024 MFA report or industry MFA coverage,seed-v1-2026-07-03,2026-07-03T13:16:31.695272+00:00
gl_9294f8b2911914c3,https://hightally.com/,hightally.com,MFA_High,pixalate_2024_industry_research,high,homepage,entertainment,Cited in Pixalate Q1 2024 MFA report or industry MFA coverage,seed-v1-2026-07-03,2026-07-03T13:16:31.695272+00:00
gl_ccb95fd269ee3861,https://hightally.com/movies/,hightally.com,MFA_High,pixalate_2024_industry_research,high,category,entertainment,Cited in Pixalate Q1 2024 MFA report or industry MFA coverage,seed-v1-2026-07-03,2026-07-03T13:16:31.695272+00:00
gl_4d21b782cdaab143,https://hightally.com/tv/,hightally.com,MFA_High,pixalate_2024_industry_research,high,category,entertainment,Cited in Pixalate Q1 2024 MFA report or industry MFA coverage,seed-v1-2026-07-03,2026-07-03T13:16:31.695272+00:00
gl_122d5251c058b950,https://www.forbes.com/,www.forbes.com,Non_MFA,ad_ops_contrast_set,high,homepage,business,Legitimate main domain; contrast with historical www3 MFA subdomain patterns,seed-v1-2026-07-03,2026-07-03T13:16:31.695272+00:00
gl_a0906b3a3e289bef,https://www.forbes.com/leadership/,www.forbes.com,Non_MFA,ad_ops_contrast_set,high,category,business,Legitimate main domain; contrast with historical www3 MFA subdomain patterns,seed-v1-2026-07-03,2026-07-03T13:16:31.695272+00:00
gl_724e66e4cf257524,https://www.forbes.com/strategy/,www.forbes.com,Non_MFA,ad_ops_contrast_set,high,category,business,Legitimate main domain; contrast with historical www3 MFA subdomain patterns,seed-v1-2026-07-03,2026-07-03T13:16:31.695272+00:00
gl_b5f3d304b9fc11f3,https://www.investing.com/,www.investing.com,Non_MFA,ad_ops_contrast_set,high,homepage,finance,Main domain; contrast with za.investing.com MFA subdomain,seed-v1-2026-07-03,2026-07-03T13:16:31.695272+00:00
gl_a2376b291cb3e439,https://www.investing.com/markets/,www.investing.com,Non_MFA,ad_ops_contrast_set,high,category,finance,Main domain; contrast with za.investing.com MFA subdomain,seed-v1-2026-07-03,2026-07-03T13:16:31.695272+00:00
gl_a23e8bed10b2b156,https://www.investing.com/investing/,www.investing.com,Non_MFA,ad_ops_contrast_set,high,category,finance,Main domain; contrast with za.investing.com MFA subdomain,seed-v1-2026-07-03,2026-07-03T13:16:31.695272+00:00
gl_7eecde9ba382fa2c,https://www.reference.com/,www.reference.com,Non_MFA,ad_ops_contrast_set,high,homepage,reference,Main domain; contrast with go.reference.com MFA subdomain,seed-v1-2026-07-03,2026-07-03T13:16:31.695272+00:00
gl_a8c100571135226c,https://www.reference.com/world/,www.reference.com,Non_MFA,ad_ops_contrast_set,high,category,reference,Main domain; contrast with go.reference.com MFA subdomain,seed-v1-2026-07-03,2026-07-03T13:16:31.695272+00:00
gl_4d76f06b155a8177,https://www.reference.com/science/,www.reference.com,Non_MFA,ad_ops_contrast_set,high,category,reference,Main domain; contrast with go.reference.com MFA subdomain,seed-v1-2026-07-03,2026-07-03T13:16:31.695272+00:00
gl_63dce507ee6a2b43,https://nytimes.com/,nytimes.com,Non_MFA,editorial_publisher_allowlist,high,homepage,news,Established editorial publisher; legitimate ad inventory baseline,seed-v1-2026-07-03,2026-07-03T13:16:31.695272+00:00
gl_3315bf28718621ad,https://nytimes.com/world/,nytimes.com,Non_MFA,editorial_publisher_allowlist,high,category,news,Established editorial publisher; legitimate ad inventory baseline,seed-v1-2026-07-03,2026-07-03T13:16:31.695272+00:00
gl_28db290682e7a6bb,https://nytimes.com/politics/,nytimes.com,Non_MFA,editorial_publisher_allowlist,high,category,news,Established editorial publisher; legitimate ad inventory baseline,seed-v1-2026-07-03,2026-07-03T13:16:31.695272+00:00
gl_e6d4f2fb87672a41,https://nytimes.com/2024/06/15/global-markets-rally-on-inflation-data/,nytimes.com,Non_MFA,editorial_publisher_allowlist,high,article,news,Established editorial publisher; legitimate ad inventory baseline,seed-v1-2026-07-03,2026-07-03T13:16:31.695272+00:00
gl_5aafd8d1636229c2,https://washingtonpost.com/,washingtonpost.com,Non_MFA,editorial_publisher_allowlist,high,homepage,news,Established editorial publisher; legitimate ad inventory baseline,seed-v1-2026-07-03,2026-07-03T13:16:31.695272+00:00
gl_95321bf9766a7bbd,https://washingtonpost.com/world/,washingtonpost.com,Non_MFA,editorial_publisher_allowlist,high,category,news,Established editorial publisher; legitimate ad inventory baseline,seed-v1-2026-07-03,2026-07-03T13:16:31.695272+00:00
gl_3b0f6deea244d599,https://washingtonpost.com/politics/,washingtonpost.com,Non_MFA,editorial_publisher_allowlist,high,category,news,Established editorial publisher; legitimate ad inventory baseline,seed-v1-2026-07-03,2026-07-03T13:16:31.695272+00:00
gl_bb55a038073edec3,https://washingtonpost.com/2024/06/15/global-markets-rally-on-inflation-data/,washingtonpost.com,Non_MFA,editorial_publisher_allowlist,high,article,news,Established editorial publisher; legitimate ad inventory baseline,seed-v1-2026-07-03,2026-07-03T13:16:31.695272+00:00
gl_1b4a787ea0c8defe,https://wsj.com/,wsj.com,Non_MFA,editorial_publisher_allowlist,high,homepage,news,Established editorial publisher; legitimate ad inventory baseline,seed-v1-2026-07-03,2026-07-03T13:16:31.695272+00:00
gl_0c05a7434f9d88ad,https://wsj.com/world/,wsj.com,Non_MFA,editorial_publisher_allowlist,high,category,news,Established editorial publisher; legitimate ad inventory baseline,seed-v1-2026-07-03,2026-07-03T13:16:31.695272+00:00
gl_ee52f0b35b0c83d5,https://wsj.com/politics/,wsj.com,Non_MFA,editorial_publisher_allowlist,high,category,news,Established editorial publisher; legitimate ad inventory baseline,seed-v1-2026-07-03,2026-07-03T13:16:31.695272+00:00
gl_97dfc58e6cc2f68a,https://wsj.com/2024/06/15/global-markets-rally-on-inflation-data/,wsj.com,Non_MFA,editorial_publisher_allowlist,high,article,news,Established editorial publisher; legitimate ad inventory baseline,seed-v1-2026-07-03,2026-07-03T13:16:31.695272+00:00
gl_937b25219f580e3c,https://ft.com/,ft.com,Non_MFA,editorial_publisher_allowlist,high,homepage,news,Established editorial publisher; legitimate ad inventory baseline,seed-v1-2026-07-03,2026-07-03T13:16:31.695272+00:00
gl_8689581ee0f0b1ba,https://ft.com/world/,ft.com,Non_MFA,editorial_publisher_allowlist,high,category,news,Established editorial publisher; legitimate ad inventory baseline,seed-v1-2026-07-03,2026-07-03T13:16:31.695272+00:00
gl_4639fcaa1573bad2,https://ft.com/politics/,ft.com,Non_MFA,editorial_publisher_allowlist,high,category,news,Established editorial publisher; legitimate ad inventory baseline,seed-v1-2026-07-03,2026-07-03T13:16:31.695272+00:00
gl_9a6a47adf97044b0,https://ft.com/2024/06/15/global-markets-rally-on-inflation-data/,ft.com,Non_MFA,editorial_publisher_allowlist,high,article,news,Established editorial publisher; legitimate ad inventory baseline,seed-v1-2026-07-03,2026-07-03T13:16:31.695272+00:00
gl_61f139236781ca7a,https://bbc.co.uk/,bbc.co.uk,Non_MFA,editorial_publisher_allowlist,high,homepage,news,Established editorial publisher; legitimate ad inventory baseline,seed-v1-2026-07-03,2026-07-03T13:16:31.695272+00:00
gl_94bf32f33b0e905f,https://bbc.co.uk/world/,bbc.co.uk,Non_MFA,editorial_publisher_allowlist,high,category,news,Established editorial publisher; legitimate ad inventory baseline,seed-v1-2026-07-03,2026-07-03T13:16:31.695272+00:00
gl_746bb54725f27a89,https://bbc.co.uk/politics/,bbc.co.uk,Non_MFA,editorial_publisher_allowlist,high,category,news,Established editorial publisher; legitimate ad inventory baseline,seed-v1-2026-07-03,2026-07-03T13:16:31.695272+00:00
gl_04ac12cbee9f10dc,https://bbc.co.uk/2024/06/15/global-markets-rally-on-inflation-data/,bbc.co.uk,Non_MFA,editorial_publisher_allowlist,high,article,news,Established editorial publisher; legitimate ad inventory baseline,seed-v1-2026-07-03,2026-07-03T13:16:31.695272+00:00
gl_e5fdd74d7fed42cb,https://bbc.com/,bbc.com,Non_MFA,editorial_publisher_allowlist,high,homepage,news,Established editorial publisher; legitimate ad inventory baseline,seed-v1-2026-07-03,2026-07-03T13:16:31.695272+00:00
gl_2baf7a61ac8d08e1,https://bbc.com/world/,bbc.com,Non_MFA,editorial_publisher_allowlist,high,category,news,Established editorial publisher; legitimate ad inventory baseline,seed-v1-2026-07-03,2026-07-03T13:16:31.695272+00:00
gl_ad2ea4c5ec6aa0a5,https://bbc.com/politics/,bbc.com,Non_MFA,editorial_publisher_allowlist,high,category,news,Established editorial publisher; legitimate ad inventory baseline,seed-v1-2026-07-03,2026-07-03T13:16:31.695272+00:00
gl_423ccb6b62023c21,https://bbc.com/2024/06/15/global-markets-rally-on-inflation-data/,bbc.com,Non_MFA,editorial_publisher_allowlist,high,article,news,Established editorial publisher; legitimate ad inventory baseline,seed-v1-2026-07-03,2026-07-03T13:16:31.695272+00:00
gl_c3c6f4890f981f39,https://theguardian.com/,theguardian.com,Non_MFA,editorial_publisher_allowlist,high,homepage,news,Established editorial publisher; legitimate ad inventory baseline,seed-v1-2026-07-03,2026-07-03T13:16:31.695272+00:00
gl_3ab1fd6e12b366bc,https://theguardian.com/world/,theguardian.com,Non_MFA,editorial_publisher_allowlist,high,category,news,Established editorial publisher; legitimate ad inventory baseline,seed-v1-2026-07-03,2026-07-03T13:16:31.695272+00:00
gl_5ebd73746270d4a1,https://theguardian.com/politics/,theguardian.com,Non_MFA,editorial_publisher_allowlist,high,category,news,Established editorial publisher; legitimate ad inventory baseline,seed-v1-2026-07-03,2026-07-03T13:16:31.695272+00:00
gl_9709d550be66b5ca,https://theguardian.com/2024/06/15/global-markets-rally-on-inflation-data/,theguardian.com,Non_MFA,editorial_publisher_allowlist,high,article,news,Established editorial publisher; legitimate ad inventory baseline,seed-v1-2026-07-03,2026-07-03T13:16:31.695272+00:00
gl_2b600a36d5edd821,https://reuters.com/,reuters.com,Non_MFA,editorial_publisher_allowlist,high,homepage,news,Established editorial publisher; legitimate ad inventory baseline,seed-v1-2026-07-03,2026-07-03T13:16:31.695272+00:00
gl_2a7fd63c18567373,https://reuters.com/world/,reuters.com,Non_MFA,editorial_publisher_allowlist,high,category,news,Established editorial publisher; legitimate ad inventory baseline,seed-v1-2026-07-03,2026-07-03T13:16:31.695272+00:00
gl_9a4eb354424e2dc1,https://reuters.com/politics/,reuters.com,Non_MFA,editorial_publisher_allowlist,high,category,news,Established editorial publisher; legitimate ad inventory baseline,seed-v1-2026-07-03,2026-07-03T13:16:31.695272+00:00
gl_7c99eae8316478d2,https://reuters.com/2024/06/15/global-markets-rally-on-inflation-data/,reuters.com,Non_MFA,editorial_publisher_allowlist,high,article,news,Established editorial publisher; legitimate ad inventory baseline,seed-v1-2026-07-03,2026-07-03T13:16:31.695272+00:00
gl_f06e38f0eda3103a,https://apnews.com/,apnews.com,Non_MFA,editorial_publisher_allowlist,high,homepage,news,Established editorial publisher; legitimate ad inventory baseline,seed-v1-2026-07-03,2026-07-03T13:16:31.695272+00:00
gl_d88aeb48a56ad931,https://apnews.com/world/,apnews.com,Non_MFA,editorial_publisher_allowlist,high,category,news,Established editorial publisher; legitimate ad inventory baseline,seed-v1-2026-07-03,2026-07-03T13:16:31.695272+00:00
gl_26fc354b057c3144,https://apnews.com/politics/,apnews.com,Non_MFA,editorial_publisher_allowlist,high,category,news,Established editorial publisher; legitimate ad inventory baseline,seed-v1-2026-07-03,2026-07-03T13:16:31.695272+00:00
gl_768a05c6637f9209,https://apnews.com/2024/06/15/global-markets-rally-on-inflation-data/,apnews.com,Non_MFA,editorial_publisher_allowlist,high,article,news,Established editorial publisher; legitimate ad inventory baseline,seed-v1-2026-07-03,2026-07-03T13:16:31.695272+00:00
gl_537da363945c71cf,https://npr.org/,npr.org,Non_MFA,editorial_publisher_allowlist,high,homepage,news,Established editorial publisher; legitimate ad inventory baseline,seed-v1-2026-07-03,2026-07-03T13:16:31.695272+00:00
gl_31982891078f1ad4,https://npr.org/world/,npr.org,Non_MFA,editorial_publisher_allowlist,high,category,news,Established editorial publisher; legitimate ad inventory baseline,seed-v1-2026-07-03,2026-07-03T13:16:31.695272+00:00
gl_2f20233265bcad83,https://npr.org/politics/,npr.org,Non_MFA,editorial_publisher_allowlist,high,category,news,Established editorial publisher; legitimate ad inventory baseline,seed-v1-2026-07-03,2026-07-03T13:16:31.695272+00:00
gl_0279d3381a3649e7,https://npr.org/2024/06/15/global-markets-rally-on-inflation-data/,npr.org,Non_MFA,editorial_publisher_allowlist,high,article,news,Established editorial publisher; legitimate ad inventory baseline,seed-v1-2026-07-03,2026-07-03T13:16:31.695272+00:00
gl_fc23ef75133093c0,https://pbs.org/,pbs.org,Non_MFA,editorial_publisher_allowlist,high,homepage,news,Established editorial publisher; legitimate ad inventory baseline,seed-v1-2026-07-03,2026-07-03T13:16:31.695272+00:00
gl_ec8f752bcfb8955b,https://pbs.org/world/,pbs.org,Non_MFA,editorial_publisher_allowlist,high,category,news,Established editorial publisher; legitimate ad inventory baseline,seed-v1-2026-07-03,2026-07-03T13:16:31.695272+00:00
gl_c8be62e2e99cd337,https://pbs.org/politics/,pbs.org,Non_MFA,editorial_publisher_allowlist,high,category,news,Established editorial publisher; legitimate ad inventory baseline,seed-v1-2026-07-03,2026-07-03T13:16:31.695272+00:00
gl_1074aa49cf284280,https://pbs.org/2024/06/15/global-markets-rally-on-inflation-data/,pbs.org,Non_MFA,editorial_publisher_allowlist,high,article,news,Established editorial publisher; legitimate ad inventory baseline,seed-v1-2026-07-03,2026-07-03T13:16:31.695272+00:00
gl_2506a1631a3cf40d,https://economist.com/,economist.com,Non_MFA,editorial_publisher_allowlist,high,homepage,news,Established editorial publisher; legitimate ad inventory baseline,seed-v1-2026-07-03,2026-07-03T13:16:31.695272+00:00
gl_89ee61f5311cb1f2,https://economist.com/world/,economist.com,Non_MFA,editorial_publisher_allowlist,high,category,news,Established editorial publisher; legitimate ad inventory baseline,seed-v1-2026-07-03,2026-07-03T13:16:31.695272+00:00
gl_8e709c8b9010ac4e,https://economist.com/politics/,economist.com,Non_MFA,editorial_publisher_allowlist,high,category,news,Established editorial publisher; legitimate ad inventory baseline,seed-v1-2026-07-03,2026-07-03T13:16:31.695272+00:00
gl_2e2424a9dc61d488,https://economist.com/2024/06/15/global-markets-rally-on-inflation-data/,economist.com,Non_MFA,editorial_publisher_allowlist,high,article,news,Established editorial publisher; legitimate ad inventory baseline,seed-v1-2026-07-03,2026-07-03T13:16:31.695272+00:00
gl_1f246bbfb7f6ce0b,https://bloomberg.com/,bloomberg.com,Non_MFA,editorial_publisher_allowlist,high,homepage,news,Established editorial publisher; legitimate ad inventory baseline,seed-v1-2026-07-03,2026-07-03T13:16:31.695272+00:00
gl_4ac9f93293a676f8,https://bloomberg.com/world/,bloomberg.com,Non_MFA,editorial_publisher_allowlist,high,category,news,Established editorial publisher; legitimate ad inventory baseline,seed-v1-2026-07-03,2026-07-03T13:16:31.695272+00:00
gl_994b1d216797e13e,https://bloomberg.com/politics/,bloomberg.com,Non_MFA,editorial_publisher_allowlist,high,category,news,Established editorial publisher; legitimate ad inventory baseline,seed-v1-2026-07-03,2026-07-03T13:16:31.695272+00:00
gl_7b6b89fd3131c2fd,https://bloomberg.com/2024/06/15/global-markets-rally-on-inflation-data/,bloomberg.com,Non_MFA,editorial_publisher_allowlist,high,article,news,Established editorial publisher; legitimate ad inventory baseline,seed-v1-2026-07-03,2026-07-03T13:16:31.695272+00:00
gl_9ee854f18d1bb1d3,https://cnbc.com/,cnbc.com,Non_MFA,editorial_publisher_allowlist,high,homepage,news,Established editorial publisher; legitimate ad inventory baseline,seed-v1-2026-07-03,2026-07-03T13:16:31.695272+00:00
gl_798b6ea37cd05647,https://cnbc.com/world/,cnbc.com,Non_MFA,editorial_publisher_allowlist,high,category,news,Established editorial publisher; legitimate ad inventory baseline,seed-v1-2026-07-03,2026-07-03T13:16:31.695272+00:00
gl_86f1fbfcfad1ba74,https://cnbc.com/politics/,cnbc.com,Non_MFA,editorial_publisher_allowlist,high,category,news,Established editorial publisher; legitimate ad inventory baseline,seed-v1-2026-07-03,2026-07-03T13:16:31.695272+00:00
gl_3fa66a32e7b79a06,https://cnbc.com/2024/06/15/global-markets-rally-on-inflation-data/,cnbc.com,Non_MFA,editorial_publisher_allowlist,high,article,news,Established editorial publisher; legitimate ad inventory baseline,seed-v1-2026-07-03,2026-07-03T13:16:31.695272+00:00
gl_a2e2159191b1f902,https://aljazeera.com/,aljazeera.com,Non_MFA,editorial_publisher_allowlist,high,homepage,news,Established editorial publisher; legitimate ad inventory baseline,seed-v1-2026-07-03,2026-07-03T13:16:31.695272+00:00
gl_fc784202c94e8076,https://aljazeera.com/world/,aljazeera.com,Non_MFA,editorial_publisher_allowlist,high,category,news,Established editorial publisher; legitimate ad inventory baseline,seed-v1-2026-07-03,2026-07-03T13:16:31.695272+00:00
gl_666f425d3c4ec3f9,https://aljazeera.com/politics/,aljazeera.com,Non_MFA,editorial_publisher_allowlist,high,category,news,Established editorial publisher; legitimate ad inventory baseline,seed-v1-2026-07-03,2026-07-03T13:16:31.695272+00:00
gl_70682046941c9652,https://aljazeera.com/2024/06/15/global-markets-rally-on-inflation-data/,aljazeera.com,Non_MFA,editorial_publisher_allowlist,high,article,news,Established editorial publisher; legitimate ad inventory baseline,seed-v1-2026-07-03,2026-07-03T13:16:31.695272+00:00
gl_10fdf5e3e040af48,https://time.com/,time.com,Non_MFA,editorial_publisher_allowlist,high,homepage,news,Established editorial publisher; legitimate ad inventory baseline,seed-v1-2026-07-03,2026-07-03T13:16:31.695272+00:00
gl_4140f2708651a613,https://time.com/world/,time.com,Non_MFA,editorial_publisher_allowlist,high,category,news,Established editorial publisher; legitimate ad inventory baseline,seed-v1-2026-07-03,2026-07-03T13:16:31.695272+00:00
gl_7b6f071a54da6850,https://time.com/politics/,time.com,Non_MFA,editorial_publisher_allowlist,high,category,news,Established editorial publisher; legitimate ad inventory baseline,seed-v1-2026-07-03,2026-07-03T13:16:31.695272+00:00
gl_428cdc7a7b82a7ef,https://time.com/2024/06/15/global-markets-rally-on-inflation-data/,time.com,Non_MFA,editorial_publisher_allowlist,high,article,news,Established editorial publisher; legitimate ad inventory baseline,seed-v1-2026-07-03,2026-07-03T13:16:31.695272+00:00
gl_9e65c4b2bf89f975,https://theatlantic.com/,theatlantic.com,Non_MFA,editorial_publisher_allowlist,high,homepage,news,Established editorial publisher; legitimate ad inventory baseline,seed-v1-2026-07-03,2026-07-03T13:16:31.695272+00:00
gl_a3f8689c2a4c8f09,https://theatlantic.com/world/,theatlantic.com,Non_MFA,editorial_publisher_allowlist,high,category,news,Established editorial publisher; legitimate ad inventory baseline,seed-v1-2026-07-03,2026-07-03T13:16:31.695272+00:00
gl_c23dfa6635fe3ab1,https://theatlantic.com/politics/,theatlantic.com,Non_MFA,editorial_publisher_allowlist,high,category,news,Established editorial publisher; legitimate ad inventory baseline,seed-v1-2026-07-03,2026-07-03T13:16:31.695272+00:00
gl_b822ac9aa192ee7d,https://theatlantic.com/2024/06/15/global-markets-rally-on-inflation-data/,theatlantic.com,Non_MFA,editorial_publisher_allowlist,high,article,news,Established editorial publisher; legitimate ad inventory baseline,seed-v1-2026-07-03,2026-07-03T13:16:31.695272+00:00
gl_7d13696ffaa46164,https://newyorker.com/,newyorker.com,Non_MFA,editorial_publisher_allowlist,high,homepage,news,Established editorial publisher; legitimate ad inventory baseline,seed-v1-2026-07-03,2026-07-03T13:16:31.695272+00:00
gl_f2143b666be0bc41,https://newyorker.com/world/,newyorker.com,Non_MFA,editorial_publisher_allowlist,high,category,news,Established editorial publisher; legitimate ad inventory baseline,seed-v1-2026-07-03,2026-07-03T13:16:31.695272+00:00
gl_e1d43f14b8d56608,https://newyorker.com/politics/,newyorker.com,Non_MFA,editorial_publisher_allowlist,high,category,news,Established editorial publisher; legitimate ad inventory baseline,seed-v1-2026-07-03,2026-07-03T13:16:31.695272+00:00
gl_b233eac803926baf,https://newyorker.com/2024/06/15/global-markets-rally-on-inflation-data/,newyorker.com,Non_MFA,editorial_publisher_allowlist,high,article,news,Established editorial publisher; legitimate ad inventory baseline,seed-v1-2026-07-03,2026-07-03T13:16:31.695272+00:00
gl_bb616571b307e3cf,https://politico.com/,politico.com,Non_MFA,editorial_publisher_allowlist,high,homepage,news,Established editorial publisher; legitimate ad inventory baseline,seed-v1-2026-07-03,2026-07-03T13:16:31.695272+00:00
gl_62f35c7be4e8074a,https://politico.com/world/,politico.com,Non_MFA,editorial_publisher_allowlist,high,category,news,Established editorial publisher; legitimate ad inventory baseline,seed-v1-2026-07-03,2026-07-03T13:16:31.695272+00:00
gl_09714e6096e9c0a9,https://politico.com/politics/,politico.com,Non_MFA,editorial_publisher_allowlist,high,category,news,Established editorial publisher; legitimate ad inventory baseline,seed-v1-2026-07-03,2026-07-03T13:16:31.695272+00:00
gl_1db54319334da79b,https://politico.com/2024/06/15/global-markets-rally-on-inflation-data/,politico.com,Non_MFA,editorial_publisher_allowlist,high,article,news,Established editorial publisher; legitimate ad inventory baseline,seed-v1-2026-07-03,2026-07-03T13:16:31.695272+00:00
gl_8fade3822a16a702,https://axios.com/,axios.com,Non_MFA,editorial_publisher_allowlist,high,homepage,news,Established editorial publisher; legitimate ad inventory baseline,seed-v1-2026-07-03,2026-07-03T13:16:31.695272+00:00
gl_edf783adc07b66e6,https://axios.com/world/,axios.com,Non_MFA,editorial_publisher_allowlist,high,category,news,Established editorial publisher; legitimate ad inventory baseline,seed-v1-2026-07-03,2026-07-03T13:16:31.695272+00:00
gl_02a9accf4a925bf6,https://axios.com/politics/,axios.com,Non_MFA,editorial_publisher_allowlist,high,category,news,Established editorial publisher; legitimate ad inventory baseline,seed-v1-2026-07-03,2026-07-03T13:16:31.695272+00:00
gl_e3515dd0f9625533,https://axios.com/2024/06/15/global-markets-rally-on-inflation-data/,axios.com,Non_MFA,editorial_publisher_allowlist,high,article,news,Established editorial publisher; legitimate ad inventory baseline,seed-v1-2026-07-03,2026-07-03T13:16:31.695272+00:00
gl_e3b99043c3694452,https://propublica.org/,propublica.org,Non_MFA,editorial_publisher_allowlist,high,homepage,news,Established editorial publisher; legitimate ad inventory baseline,seed-v1-2026-07-03,2026-07-03T13:16:31.695272+00:00
gl_32ef0d0389b6b77d,https://propublica.org/world/,propublica.org,Non_MFA,editorial_publisher_allowlist,high,category,news,Established editorial publisher; legitimate ad inventory baseline,seed-v1-2026-07-03,2026-07-03T13:16:31.695272+00:00
gl_fb768a1e73a83378,https://propublica.org/politics/,propublica.org,Non_MFA,editorial_publisher_allowlist,high,category,news,Established editorial publisher; legitimate ad inventory baseline,seed-v1-2026-07-03,2026-07-03T13:16:31.695272+00:00
gl_3960aa56185d125b,https://propublica.org/2024/06/15/global-markets-rally-on-inflation-data/,propublica.org,Non_MFA,editorial_publisher_allowlist,high,article,news,Established editorial publisher; legitimate ad inventory baseline,seed-v1-2026-07-03,2026-07-03T13:16:31.695272+00:00
gl_cc289ee8b5a76cee,https://latimes.com/,latimes.com,Non_MFA,editorial_publisher_allowlist,high,homepage,news,Established editorial publisher; legitimate ad inventory baseline,seed-v1-2026-07-03,2026-07-03T13:16:31.695272+00:00
gl_a1952dfc69f7b10c,https://latimes.com/world/,latimes.com,Non_MFA,editorial_publisher_allowlist,high,category,news,Established editorial publisher; legitimate ad inventory baseline,seed-v1-2026-07-03,2026-07-03T13:16:31.695272+00:00
gl_de631e5e05feb9f7,https://latimes.com/politics/,latimes.com,Non_MFA,editorial_publisher_allowlist,high,category,news,Established editorial publisher; legitimate ad inventory baseline,seed-v1-2026-07-03,2026-07-03T13:16:31.695272+00:00
gl_3795b6250c666016,https://latimes.com/2024/06/15/global-markets-rally-on-inflation-data/,latimes.com,Non_MFA,editorial_publisher_allowlist,high,article,news,Established editorial publisher; legitimate ad inventory baseline,seed-v1-2026-07-03,2026-07-03T13:16:31.695272+00:00
gl_1e5ef1b38c94ade8,https://chicagotribune.com/,chicagotribune.com,Non_MFA,editorial_publisher_allowlist,high,homepage,news,Established editorial publisher; legitimate ad inventory baseline,seed-v1-2026-07-03,2026-07-03T13:16:31.695272+00:00
gl_d8f91a384e6ace86,https://chicagotribune.com/world/,chicagotribune.com,Non_MFA,editorial_publisher_allowlist,high,category,news,Established editorial publisher; legitimate ad inventory baseline,seed-v1-2026-07-03,2026-07-03T13:16:31.695272+00:00
gl_bf9ebe98669c160d,https://chicagotribune.com/politics/,chicagotribune.com,Non_MFA,editorial_publisher_allowlist,high,category,news,Established editorial publisher; legitimate ad inventory baseline,seed-v1-2026-07-03,2026-07-03T13:16:31.695272+00:00
gl_e8b98346f4b8dd2e,https://chicagotribune.com/2024/06/15/global-markets-rally-on-inflation-data/,chicagotribune.com,Non_MFA,editorial_publisher_allowlist,high,article,news,Established editorial publisher; legitimate ad inventory baseline,seed-v1-2026-07-03,2026-07-03T13:16:31.695272+00:00
gl_f6afa4791778c4c9,https://sfchronicle.com/,sfchronicle.com,Non_MFA,editorial_publisher_allowlist,high,homepage,news,Established editorial publisher; legitimate ad inventory baseline,seed-v1-2026-07-03,2026-07-03T13:16:31.695272+00:00
gl_ebfa757fcaf11c3b,https://sfchronicle.com/world/,sfchronicle.com,Non_MFA,editorial_publisher_allowlist,high,category,news,Established editorial publisher; legitimate ad inventory baseline,seed-v1-2026-07-03,2026-07-03T13:16:31.695272+00:00
gl_2554b0949c3cc1da,https://sfchronicle.com/politics/,sfchronicle.com,Non_MFA,editorial_publisher_allowlist,high,category,news,Established editorial publisher; legitimate ad inventory baseline,seed-v1-2026-07-03,2026-07-03T13:16:31.695272+00:00
gl_1976963cd43bdc4c,https://sfchronicle.com/2024/06/15/global-markets-rally-on-inflation-data/,sfchronicle.com,Non_MFA,editorial_publisher_allowlist,high,article,news,Established editorial publisher; legitimate ad inventory baseline,seed-v1-2026-07-03,2026-07-03T13:16:31.695272+00:00
gl_4ba48c21712d841a,https://bostonglobe.com/,bostonglobe.com,Non_MFA,editorial_publisher_allowlist,high,homepage,news,Established editorial publisher; legitimate ad inventory baseline,seed-v1-2026-07-03,2026-07-03T13:16:31.695272+00:00
gl_bff9862d8f928be6,https://bostonglobe.com/world/,bostonglobe.com,Non_MFA,editorial_publisher_allowlist,high,category,news,Established editorial publisher; legitimate ad inventory baseline,seed-v1-2026-07-03,2026-07-03T13:16:31.695272+00:00
gl_eab1b4384f3c2228,https://bostonglobe.com/politics/,bostonglobe.com,Non_MFA,editorial_publisher_allowlist,high,category,news,Established editorial publisher; legitimate ad inventory baseline,seed-v1-2026-07-03,2026-07-03T13:16:31.695272+00:00
gl_217ab4c2263e3c7f,https://bostonglobe.com/2024/06/15/global-markets-rally-on-inflation-data/,bostonglobe.com,Non_MFA,editorial_publisher_allowlist,high,article,news,Established editorial publisher; legitimate ad inventory baseline,seed-v1-2026-07-03,2026-07-03T13:16:31.695272+00:00
gl_41400b9c47c22af5,https://independent.co.uk/,independent.co.uk,Non_MFA,editorial_publisher_allowlist,high,homepage,news,Established editorial publisher; legitimate ad inventory baseline,seed-v1-2026-07-03,2026-07-03T13:16:31.695272+00:00
gl_8cd5c2cf1954c421,https://independent.co.uk/world/,independent.co.uk,Non_MFA,editorial_publisher_allowlist,high,category,news,Established editorial publisher; legitimate ad inventory baseline,seed-v1-2026-07-03,2026-07-03T13:16:31.695272+00:00
gl_47709b07d4936867,https://independent.co.uk/politics/,independent.co.uk,Non_MFA,editorial_publisher_allowlist,high,category,news,Established editorial publisher; legitimate ad inventory baseline,seed-v1-2026-07-03,2026-07-03T13:16:31.695272+00:00
gl_5238ffdcc3375132,https://independent.co.uk/2024/06/15/global-markets-rally-on-inflation-data/,independent.co.uk,Non_MFA,editorial_publisher_allowlist,high,article,news,Established editorial publisher; legitimate ad inventory baseline,seed-v1-2026-07-03,2026-07-03T13:16:31.695272+00:00
gl_3de7574272a0837c,https://telegraph.co.uk/,telegraph.co.uk,Non_MFA,editorial_publisher_allowlist,high,homepage,news,Established editorial publisher; legitimate ad inventory baseline,seed-v1-2026-07-03,2026-07-03T13:16:31.695272+00:00
gl_26744e7a2007a35f,https://telegraph.co.uk/world/,telegraph.co.uk,Non_MFA,editorial_publisher_allowlist,high,category,news,Established editorial publisher; legitimate ad inventory baseline,seed-v1-2026-07-03,2026-07-03T13:16:31.695272+00:00
gl_3d3ed91b2f9318f6,https://telegraph.co.uk/politics/,telegraph.co.uk,Non_MFA,editorial_publisher_allowlist,high,category,news,Established editorial publisher; legitimate ad inventory baseline,seed-v1-2026-07-03,2026-07-03T13:16:31.695272+00:00
gl_8712fa8af4abad8b,https://telegraph.co.uk/2024/06/15/global-markets-rally-on-inflation-data/,telegraph.co.uk,Non_MFA,editorial_publisher_allowlist,high,article,news,Established editorial publisher; legitimate ad inventory baseline,seed-v1-2026-07-03,2026-07-03T13:16:31.695272+00:00
gl_b7c5132ee76344b1,https://dailymail.co.uk/,dailymail.co.uk,Non_MFA,editorial_publisher_allowlist,high,homepage,news,Established editorial publisher; legitimate ad inventory baseline,seed-v1-2026-07-03,2026-07-03T13:16:31.695272+00:00
gl_1ff3bdd28379f5d2,https://dailymail.co.uk/world/,dailymail.co.uk,Non_MFA,editorial_publisher_allowlist,high,category,news,Established editorial publisher; legitimate ad inventory baseline,seed-v1-2026-07-03,2026-07-03T13:16:31.695272+00:00
gl_4acd98cac51d6a08,https://dailymail.co.uk/politics/,dailymail.co.uk,Non_MFA,editorial_publisher_allowlist,high,category,news,Established editorial publisher; legitimate ad inventory baseline,seed-v1-2026-07-03,2026-07-03T13:16:31.695272+00:00
gl_c4e685b9b42a635b,https://dailymail.co.uk/2024/06/15/global-markets-rally-on-inflation-data/,dailymail.co.uk,Non_MFA,editorial_publisher_allowlist,high,article,news,Established editorial publisher; legitimate ad inventory baseline,seed-v1-2026-07-03,2026-07-03T13:16:31.695272+00:00
gl_ae50e61522b2084f,https://scmp.com/,scmp.com,Non_MFA,editorial_publisher_allowlist,high,homepage,news,Established editorial publisher; legitimate ad inventory baseline,seed-v1-2026-07-03,2026-07-03T13:16:31.695272+00:00
gl_935be7cb00c812f4,https://scmp.com/world/,scmp.com,Non_MFA,editorial_publisher_allowlist,high,category,news,Established editorial publisher; legitimate ad inventory baseline,seed-v1-2026-07-03,2026-07-03T13:16:31.695272+00:00
gl_a773e417dfcba1f8,https://scmp.com/politics/,scmp.com,Non_MFA,editorial_publisher_allowlist,high,category,news,Established editorial publisher; legitimate ad inventory baseline,seed-v1-2026-07-03,2026-07-03T13:16:31.695272+00:00
gl_66fef07422792720,https://scmp.com/2024/06/15/global-markets-rally-on-inflation-data/,scmp.com,Non_MFA,editorial_publisher_allowlist,high,article,news,Established editorial publisher; legitimate ad inventory baseline,seed-v1-2026-07-03,2026-07-03T13:16:31.695272+00:00
gl_4a07b280cb8deebf,https://straitstimes.com/,straitstimes.com,Non_MFA,editorial_publisher_allowlist,high,homepage,news,Established editorial publisher; legitimate ad inventory baseline,seed-v1-2026-07-03,2026-07-03T13:16:31.695272+00:00
gl_60dead1739128637,https://straitstimes.com/world/,straitstimes.com,Non_MFA,editorial_publisher_allowlist,high,category,news,Established editorial publisher; legitimate ad inventory baseline,seed-v1-2026-07-03,2026-07-03T13:16:31.695272+00:00
gl_56e7edda2a54e252,https://straitstimes.com/politics/,straitstimes.com,Non_MFA,editorial_publisher_allowlist,high,category,news,Established editorial publisher; legitimate ad inventory baseline,seed-v1-2026-07-03,2026-07-03T13:16:31.695272+00:00
gl_641e04e72db685bf,https://straitstimes.com/2024/06/15/global-markets-rally-on-inflation-data/,straitstimes.com,Non_MFA,editorial_publisher_allowlist,high,article,news,Established editorial publisher; legitimate ad inventory baseline,seed-v1-2026-07-03,2026-07-03T13:16:31.695272+00:00
gl_b0cd8ef48c9f1fb8,https://hindustantimes.com/,hindustantimes.com,Non_MFA,editorial_publisher_allowlist,high,homepage,news,Established editorial publisher; legitimate ad inventory baseline,seed-v1-2026-07-03,2026-07-03T13:16:31.695272+00:00
gl_f08990e3014da26d,https://hindustantimes.com/world/,hindustantimes.com,Non_MFA,editorial_publisher_allowlist,high,category,news,Established editorial publisher; legitimate ad inventory baseline,seed-v1-2026-07-03,2026-07-03T13:16:31.695272+00:00
gl_e3fd2cd32e6b388f,https://hindustantimes.com/politics/,hindustantimes.com,Non_MFA,editorial_publisher_allowlist,high,category,news,Established editorial publisher; legitimate ad inventory baseline,seed-v1-2026-07-03,2026-07-03T13:16:31.695272+00:00
gl_50d669371459ed89,https://hindustantimes.com/2024/06/15/global-markets-rally-on-inflation-data/,hindustantimes.com,Non_MFA,editorial_publisher_allowlist,high,article,news,Established editorial publisher; legitimate ad inventory baseline,seed-v1-2026-07-03,2026-07-03T13:16:31.695272+00:00
gl_11f4177c33ccc688,https://thehindu.com/,thehindu.com,Non_MFA,editorial_publisher_allowlist,high,homepage,news,Established editorial publisher; legitimate ad inventory baseline,seed-v1-2026-07-03,2026-07-03T13:16:31.695272+00:00
gl_6801957a7e3cd52c,https://thehindu.com/world/,thehindu.com,Non_MFA,editorial_publisher_allowlist,high,category,news,Established editorial publisher; legitimate ad inventory baseline,seed-v1-2026-07-03,2026-07-03T13:16:31.695272+00:00
gl_8538fbec73ee72d6,https://thehindu.com/politics/,thehindu.com,Non_MFA,editorial_publisher_allowlist,high,category,news,Established editorial publisher; legitimate ad inventory baseline,seed-v1-2026-07-03,2026-07-03T13:16:31.695272+00:00
gl_255650da8dcd7650,https://thehindu.com/2024/06/15/global-markets-rally-on-inflation-data/,thehindu.com,Non_MFA,editorial_publisher_allowlist,high,article,news,Established editorial publisher; legitimate ad inventory baseline,seed-v1-2026-07-03,2026-07-03T13:16:31.695272+00:00
gl_fe79bd7988501541,https://japantimes.co.jp/,japantimes.co.jp,Non_MFA,editorial_publisher_allowlist,high,homepage,news,Established editorial publisher; legitimate ad inventory baseline,seed-v1-2026-07-03,2026-07-03T13:16:31.695272+00:00
gl_631ca89402dcfc75,https://japantimes.co.jp/world/,japantimes.co.jp,Non_MFA,editorial_publisher_allowlist,high,category,news,Established editorial publisher; legitimate ad inventory baseline,seed-v1-2026-07-03,2026-07-03T13:16:31.695272+00:00
gl_85303b0390e2f7ae,https://japantimes.co.jp/politics/,japantimes.co.jp,Non_MFA,editorial_publisher_allowlist,high,category,news,Established editorial publisher; legitimate ad inventory baseline,seed-v1-2026-07-03,2026-07-03T13:16:31.695272+00:00
gl_93f34d0f33cf4c0c,https://japantimes.co.jp/2024/06/15/global-markets-rally-on-inflation-data/,japantimes.co.jp,Non_MFA,editorial_publisher_allowlist,high,article,news,Established editorial publisher; legitimate ad inventory baseline,seed-v1-2026-07-03,2026-07-03T13:16:31.695272+00:00
gl_cd0178f5512f4bd2,https://lemonde.fr/,lemonde.fr,Non_MFA,editorial_publisher_allowlist,high,homepage,news,Established editorial publisher; legitimate ad inventory baseline,seed-v1-2026-07-03,2026-07-03T13:16:31.695272+00:00
gl_b3290e0cafbaf049,https://lemonde.fr/world/,lemonde.fr,Non_MFA,editorial_publisher_allowlist,high,category,news,Established editorial publisher; legitimate ad inventory baseline,seed-v1-2026-07-03,2026-07-03T13:16:31.695272+00:00
gl_85c36c65c8092de7,https://lemonde.fr/politics/,lemonde.fr,Non_MFA,editorial_publisher_allowlist,high,category,news,Established editorial publisher; legitimate ad inventory baseline,seed-v1-2026-07-03,2026-07-03T13:16:31.695272+00:00
gl_04a5997f84dd8663,https://lemonde.fr/2024/06/15/global-markets-rally-on-inflation-data/,lemonde.fr,Non_MFA,editorial_publisher_allowlist,high,article,news,Established editorial publisher; legitimate ad inventory baseline,seed-v1-2026-07-03,2026-07-03T13:16:31.695272+00:00
gl_f1b62e27e5a932ee,https://spiegel.de/,spiegel.de,Non_MFA,editorial_publisher_allowlist,high,homepage,news,Established editorial publisher; legitimate ad inventory baseline,seed-v1-2026-07-03,2026-07-03T13:16:31.695272+00:00
gl_39fb8d4fa96e7e69,https://spiegel.de/world/,spiegel.de,Non_MFA,editorial_publisher_allowlist,high,category,news,Established editorial publisher; legitimate ad inventory baseline,seed-v1-2026-07-03,2026-07-03T13:16:31.695272+00:00
gl_1fff5b5a77b07c0a,https://spiegel.de/politics/,spiegel.de,Non_MFA,editorial_publisher_allowlist,high,category,news,Established editorial publisher; legitimate ad inventory baseline,seed-v1-2026-07-03,2026-07-03T13:16:31.695272+00:00
gl_304d6cc6ff7aec53,https://spiegel.de/2024/06/15/global-markets-rally-on-inflation-data/,spiegel.de,Non_MFA,editorial_publisher_allowlist,high,article,news,Established editorial publisher; legitimate ad inventory baseline,seed-v1-2026-07-03,2026-07-03T13:16:31.695272+00:00
gl_9fbe3f35164e3dab,https://elpais.com/,elpais.com,Non_MFA,editorial_publisher_allowlist,high,homepage,news,Established editorial publisher; legitimate ad inventory baseline,seed-v1-2026-07-03,2026-07-03T13:16:31.695272+00:00
gl_f70923e6833e7b30,https://elpais.com/world/,elpais.com,Non_MFA,editorial_publisher_allowlist,high,category,news,Established editorial publisher; legitimate ad inventory baseline,seed-v1-2026-07-03,2026-07-03T13:16:31.695272+00:00
gl_8d1aefb362ce909d,https://elpais.com/politics/,elpais.com,Non_MFA,editorial_publisher_allowlist,high,category,news,Established editorial publisher; legitimate ad inventory baseline,seed-v1-2026-07-03,2026-07-03T13:16:31.695272+00:00
gl_5135dcdee253b37c,https://elpais.com/2024/06/15/global-markets-rally-on-inflation-data/,elpais.com,Non_MFA,editorial_publisher_allowlist,high,article,news,Established editorial publisher; legitimate ad inventory baseline,seed-v1-2026-07-03,2026-07-03T13:16:31.695272+00:00
gl_b5b02bb6610290bb,https://wired.com/,wired.com,Non_MFA,editorial_publisher_allowlist,high,homepage,technology,Established editorial publisher; legitimate ad inventory baseline,seed-v1-2026-07-03,2026-07-03T13:16:31.695272+00:00
gl_77de9a290de4fb2a,https://wired.com/reviews/,wired.com,Non_MFA,editorial_publisher_allowlist,high,category,technology,Established editorial publisher; legitimate ad inventory baseline,seed-v1-2026-07-03,2026-07-03T13:16:31.695272+00:00
gl_2888534792863607,https://wired.com/news/,wired.com,Non_MFA,editorial_publisher_allowlist,high,category,technology,Established editorial publisher; legitimate ad inventory baseline,seed-v1-2026-07-03,2026-07-03T13:16:31.695272+00:00
gl_71b2aee662eb1edc,https://wired.com/2024/06/15/global-markets-rally-on-inflation-data/,wired.com,Non_MFA,editorial_publisher_allowlist,high,article,technology,Established editorial publisher; legitimate ad inventory baseline,seed-v1-2026-07-03,2026-07-03T13:16:31.695272+00:00
gl_e620c1e06ff8915c,https://arstechnica.com/,arstechnica.com,Non_MFA,editorial_publisher_allowlist,high,homepage,technology,Established editorial publisher; legitimate ad inventory baseline,seed-v1-2026-07-03,2026-07-03T13:16:31.695272+00:00
gl_e493cf07b90f98ba,https://arstechnica.com/reviews/,arstechnica.com,Non_MFA,editorial_publisher_allowlist,high,category,technology,Established editorial publisher; legitimate ad inventory baseline,seed-v1-2026-07-03,2026-07-03T13:16:31.695272+00:00
gl_3eedf0f035a00b5d,https://arstechnica.com/news/,arstechnica.com,Non_MFA,editorial_publisher_allowlist,high,category,technology,Established editorial publisher; legitimate ad inventory baseline,seed-v1-2026-07-03,2026-07-03T13:16:31.695272+00:00
gl_8f3af436c88d27e8,https://arstechnica.com/2024/06/15/global-markets-rally-on-inflation-data/,arstechnica.com,Non_MFA,editorial_publisher_allowlist,high,article,technology,Established editorial publisher; legitimate ad inventory baseline,seed-v1-2026-07-03,2026-07-03T13:16:31.695272+00:00
gl_06cbaf185cf76fb8,https://techcrunch.com/,techcrunch.com,Non_MFA,editorial_publisher_allowlist,high,homepage,technology,Established editorial publisher; legitimate ad inventory baseline,seed-v1-2026-07-03,2026-07-03T13:16:31.695272+00:00
gl_f04c3dec56ff06ec,https://techcrunch.com/reviews/,techcrunch.com,Non_MFA,editorial_publisher_allowlist,high,category,technology,Established editorial publisher; legitimate ad inventory baseline,seed-v1-2026-07-03,2026-07-03T13:16:31.695272+00:00
gl_126d96070b3d4916,https://techcrunch.com/news/,techcrunch.com,Non_MFA,editorial_publisher_allowlist,high,category,technology,Established editorial publisher; legitimate ad inventory baseline,seed-v1-2026-07-03,2026-07-03T13:16:31.695272+00:00
gl_da136406415bac4b,https://techcrunch.com/2024/06/15/global-markets-rally-on-inflation-data/,techcrunch.com,Non_MFA,editorial_publisher_allowlist,high,article,technology,Established editorial publisher; legitimate ad inventory baseline,seed-v1-2026-07-03,2026-07-03T13:16:31.695272+00:00
gl_b1eb8af8980938cb,https://theverge.com/,theverge.com,Non_MFA,editorial_publisher_allowlist,high,homepage,technology,Established editorial publisher; legitimate ad inventory baseline,seed-v1-2026-07-03,2026-07-03T13:16:31.695272+00:00
gl_d718b4a04cadbb0e,https://theverge.com/reviews/,theverge.com,Non_MFA,editorial_publisher_allowlist,high,category,technology,Established editorial publisher; legitimate ad inventory baseline,seed-v1-2026-07-03,2026-07-03T13:16:31.695272+00:00
gl_f5b4e1ff047897db,https://theverge.com/news/,theverge.com,Non_MFA,editorial_publisher_allowlist,high,category,technology,Established editorial publisher; legitimate ad inventory baseline,seed-v1-2026-07-03,2026-07-03T13:16:31.695272+00:00
gl_a6ff72eb7de36577,https://theverge.com/2024/06/15/global-markets-rally-on-inflation-data/,theverge.com,Non_MFA,editorial_publisher_allowlist,high,article,technology,Established editorial publisher; legitimate ad inventory baseline,seed-v1-2026-07-03,2026-07-03T13:16:31.695272+00:00
gl_28e517659b8cf71f,https://engadget.com/,engadget.com,Non_MFA,editorial_publisher_allowlist,high,homepage,technology,Established editorial publisher; legitimate ad inventory baseline,seed-v1-2026-07-03,2026-07-03T13:16:31.695272+00:00
gl_6429e2290e9272b8,https://engadget.com/reviews/,engadget.com,Non_MFA,editorial_publisher_allowlist,high,category,technology,Established editorial publisher; legitimate ad inventory baseline,seed-v1-2026-07-03,2026-07-03T13:16:31.695272+00:00
gl_411e97fa8010ad38,https://engadget.com/news/,engadget.com,Non_MFA,editorial_publisher_allowlist,high,category,technology,Established editorial publisher; legitimate ad inventory baseline,seed-v1-2026-07-03,2026-07-03T13:16:31.695272+00:00
gl_326881f6d7be9f6b,https://engadget.com/2024/06/15/global-markets-rally-on-inflation-data/,engadget.com,Non_MFA,editorial_publisher_allowlist,high,article,technology,Established editorial publisher; legitimate ad inventory baseline,seed-v1-2026-07-03,2026-07-03T13:16:31.695272+00:00
gl_6a98631705e90cb9,https://cnet.com/,cnet.com,Non_MFA,editorial_publisher_allowlist,high,homepage,technology,Established editorial publisher; legitimate ad inventory baseline,seed-v1-2026-07-03,2026-07-03T13:16:31.695272+00:00
gl_e7e9c7c3d527b170,https://cnet.com/reviews/,cnet.com,Non_MFA,editorial_publisher_allowlist,high,category,technology,Established editorial publisher; legitimate ad inventory baseline,seed-v1-2026-07-03,2026-07-03T13:16:31.695272+00:00
gl_0c7a124d1312a055,https://cnet.com/news/,cnet.com,Non_MFA,editorial_publisher_allowlist,high,category,technology,Established editorial publisher; legitimate ad inventory baseline,seed-v1-2026-07-03,2026-07-03T13:16:31.695272+00:00
gl_6c21b8b6543278ea,https://cnet.com/2024/06/15/global-markets-rally-on-inflation-data/,cnet.com,Non_MFA,editorial_publisher_allowlist,high,article,technology,Established editorial publisher; legitimate ad inventory baseline,seed-v1-2026-07-03,2026-07-03T13:16:31.695272+00:00
gl_e904d4ee2ccfc4d8,https://zdnet.com/,zdnet.com,Non_MFA,editorial_publisher_allowlist,high,homepage,technology,Established editorial publisher; legitimate ad inventory baseline,seed-v1-2026-07-03,2026-07-03T13:16:31.695272+00:00
gl_5e23bdc9a8c122d0,https://zdnet.com/reviews/,zdnet.com,Non_MFA,editorial_publisher_allowlist,high,category,technology,Established editorial publisher; legitimate ad inventory baseline,seed-v1-2026-07-03,2026-07-03T13:16:31.695272+00:00
gl_f5f9ae7bc74d640e,https://zdnet.com/news/,zdnet.com,Non_MFA,editorial_publisher_allowlist,high,category,technology,Established editorial publisher; legitimate ad inventory baseline,seed-v1-2026-07-03,2026-07-03T13:16:31.695272+00:00
gl_f81d49a1200f54d9,https://zdnet.com/2024/06/15/global-markets-rally-on-inflation-data/,zdnet.com,Non_MFA,editorial_publisher_allowlist,high,article,technology,Established editorial publisher; legitimate ad inventory baseline,seed-v1-2026-07-03,2026-07-03T13:16:31.695272+00:00
gl_fda1bb0f06322d33,https://tomshardware.com/,tomshardware.com,Non_MFA,editorial_publisher_allowlist,high,homepage,technology,Established editorial publisher; legitimate ad inventory baseline,seed-v1-2026-07-03,2026-07-03T13:16:31.695272+00:00
gl_b89ad2e89c43a805,https://tomshardware.com/reviews/,tomshardware.com,Non_MFA,editorial_publisher_allowlist,high,category,technology,Established editorial publisher; legitimate ad inventory baseline,seed-v1-2026-07-03,2026-07-03T13:16:31.695272+00:00
gl_8ae414a61472dce6,https://tomshardware.com/news/,tomshardware.com,Non_MFA,editorial_publisher_allowlist,high,category,technology,Established editorial publisher; legitimate ad inventory baseline,seed-v1-2026-07-03,2026-07-03T13:16:31.695272+00:00
gl_9e5e2d1db75c22a1,https://tomshardware.com/2024/06/15/global-markets-rally-on-inflation-data/,tomshardware.com,Non_MFA,editorial_publisher_allowlist,high,article,technology,Established editorial publisher; legitimate ad inventory baseline,seed-v1-2026-07-03,2026-07-03T13:16:31.695272+00:00
gl_ad3e3424a5190cec,https://anandtech.com/,anandtech.com,Non_MFA,editorial_publisher_allowlist,high,homepage,technology,Established editorial publisher; legitimate ad inventory baseline,seed-v1-2026-07-03,2026-07-03T13:16:31.695272+00:00
gl_3eb9ccc8e2ad6c97,https://anandtech.com/reviews/,anandtech.com,Non_MFA,editorial_publisher_allowlist,high,category,technology,Established editorial publisher; legitimate ad inventory baseline,seed-v1-2026-07-03,2026-07-03T13:16:31.695272+00:00
gl_1f40d7181d6ab3f1,https://anandtech.com/news/,anandtech.com,Non_MFA,editorial_publisher_allowlist,high,category,technology,Established editorial publisher; legitimate ad inventory baseline,seed-v1-2026-07-03,2026-07-03T13:16:31.695272+00:00
gl_f1531f1f32cfc0c2,https://anandtech.com/2024/06/15/global-markets-rally-on-inflation-data/,anandtech.com,Non_MFA,editorial_publisher_allowlist,high,article,technology,Established editorial publisher; legitimate ad inventory baseline,seed-v1-2026-07-03,2026-07-03T13:16:31.695272+00:00
gl_b74090b9ba29c0e1,https://theregister.com/,theregister.com,Non_MFA,editorial_publisher_allowlist,high,homepage,technology,Established editorial publisher; legitimate ad inventory baseline,seed-v1-2026-07-03,2026-07-03T13:16:31.695272+00:00
gl_4dd92f334f23907e,https://theregister.com/reviews/,theregister.com,Non_MFA,editorial_publisher_allowlist,high,category,technology,Established editorial publisher; legitimate ad inventory baseline,seed-v1-2026-07-03,2026-07-03T13:16:31.695272+00:00
gl_766d593f728e77e6,https://theregister.com/news/,theregister.com,Non_MFA,editorial_publisher_allowlist,high,category,technology,Established editorial publisher; legitimate ad inventory baseline,seed-v1-2026-07-03,2026-07-03T13:16:31.695272+00:00
gl_2f499f3d90c9cf73,https://theregister.com/2024/06/15/global-markets-rally-on-inflation-data/,theregister.com,Non_MFA,editorial_publisher_allowlist,high,article,technology,Established editorial publisher; legitimate ad inventory baseline,seed-v1-2026-07-03,2026-07-03T13:16:31.695272+00:00
gl_ecfe78db15685ecb,https://infoq.com/,infoq.com,Non_MFA,editorial_publisher_allowlist,high,homepage,technology,Established editorial publisher; legitimate ad inventory baseline,seed-v1-2026-07-03,2026-07-03T13:16:31.695272+00:00
gl_1c1541ddd5bcb925,https://infoq.com/reviews/,infoq.com,Non_MFA,editorial_publisher_allowlist,high,category,technology,Established editorial publisher; legitimate ad inventory baseline,seed-v1-2026-07-03,2026-07-03T13:16:31.695272+00:00
gl_263b07f23b41f1bf,https://infoq.com/news/,infoq.com,Non_MFA,editorial_publisher_allowlist,high,category,technology,Established editorial publisher; legitimate ad inventory baseline,seed-v1-2026-07-03,2026-07-03T13:16:31.695272+00:00
gl_070da816001f4782,https://infoq.com/2024/06/15/global-markets-rally-on-inflation-data/,infoq.com,Non_MFA,editorial_publisher_allowlist,high,article,technology,Established editorial publisher; legitimate ad inventory baseline,seed-v1-2026-07-03,2026-07-03T13:16:31.695272+00:00
gl_e3901c219a96acd4,https://oreilly.com/,oreilly.com,Non_MFA,editorial_publisher_allowlist,high,homepage,technology,Established editorial publisher; legitimate ad inventory baseline,seed-v1-2026-07-03,2026-07-03T13:16:31.695272+00:00
gl_bff0ca0c237a1257,https://oreilly.com/reviews/,oreilly.com,Non_MFA,editorial_publisher_allowlist,high,category,technology,Established editorial publisher; legitimate ad inventory baseline,seed-v1-2026-07-03,2026-07-03T13:16:31.695272+00:00
gl_5e34fba872bc221c,https://oreilly.com/news/,oreilly.com,Non_MFA,editorial_publisher_allowlist,high,category,technology,Established editorial publisher; legitimate ad inventory baseline,seed-v1-2026-07-03,2026-07-03T13:16:31.695272+00:00
gl_41e000afdce2f1ef,https://oreilly.com/2024/06/15/global-markets-rally-on-inflation-data/,oreilly.com,Non_MFA,editorial_publisher_allowlist,high,article,technology,Established editorial publisher; legitimate ad inventory baseline,seed-v1-2026-07-03,2026-07-03T13:16:31.695272+00:00
gl_0a8e173d027cbfd6,https://marketwatch.com/,marketwatch.com,Non_MFA,editorial_publisher_allowlist,high,homepage,finance,Established editorial publisher; legitimate ad inventory baseline,seed-v1-2026-07-03,2026-07-03T13:16:31.695272+00:00
gl_7244467f55d880ff,https://marketwatch.com/markets/,marketwatch.com,Non_MFA,editorial_publisher_allowlist,high,category,finance,Established editorial publisher; legitimate ad inventory baseline,seed-v1-2026-07-03,2026-07-03T13:16:31.695272+00:00
gl_618e10a8172d9ba5,https://marketwatch.com/investing/,marketwatch.com,Non_MFA,editorial_publisher_allowlist,high,category,finance,Established editorial publisher; legitimate ad inventory baseline,seed-v1-2026-07-03,2026-07-03T13:16:31.695272+00:00
gl_05bf2959ab2a8c47,https://marketwatch.com/2024/06/15/global-markets-rally-on-inflation-data/,marketwatch.com,Non_MFA,editorial_publisher_allowlist,high,article,finance,Established editorial publisher; legitimate ad inventory baseline,seed-v1-2026-07-03,2026-07-03T13:16:31.695272+00:00
gl_b19b69648c87845c,https://fortune.com/,fortune.com,Non_MFA,editorial_publisher_allowlist,high,homepage,business,Established editorial publisher; legitimate ad inventory baseline,seed-v1-2026-07-03,2026-07-03T13:16:31.695272+00:00
gl_c74cc03b62a1b006,https://fortune.com/leadership/,fortune.com,Non_MFA,editorial_publisher_allowlist,high,category,business,Established editorial publisher; legitimate ad inventory baseline,seed-v1-2026-07-03,2026-07-03T13:16:31.695272+00:00
gl_79059c3a8428b541,https://fortune.com/strategy/,fortune.com,Non_MFA,editorial_publisher_allowlist,high,category,business,Established editorial publisher; legitimate ad inventory baseline,seed-v1-2026-07-03,2026-07-03T13:16:31.695272+00:00
gl_58e9330a47744755,https://fortune.com/2024/06/15/global-markets-rally-on-inflation-data/,fortune.com,Non_MFA,editorial_publisher_allowlist,high,article,business,Established editorial publisher; legitimate ad inventory baseline,seed-v1-2026-07-03,2026-07-03T13:16:31.695272+00:00
gl_90a0cda2c4455ab5,https://businessinsider.com/,businessinsider.com,Non_MFA,editorial_publisher_allowlist,high,homepage,business,Established editorial publisher; legitimate ad inventory baseline,seed-v1-2026-07-03,2026-07-03T13:16:31.695272+00:00
gl_ce7cd523703fde32,https://businessinsider.com/leadership/,businessinsider.com,Non_MFA,editorial_publisher_allowlist,high,category,business,Established editorial publisher; legitimate ad inventory baseline,seed-v1-2026-07-03,2026-07-03T13:16:31.695272+00:00
gl_1ae937e60cb5b05e,https://businessinsider.com/strategy/,businessinsider.com,Non_MFA,editorial_publisher_allowlist,high,category,business,Established editorial publisher; legitimate ad inventory baseline,seed-v1-2026-07-03,2026-07-03T13:16:31.695272+00:00
gl_495f14e88bac70c0,https://businessinsider.com/2024/06/15/global-markets-rally-on-inflation-data/,businessinsider.com,Non_MFA,editorial_publisher_allowlist,high,article,business,Established editorial publisher; legitimate ad inventory baseline,seed-v1-2026-07-03,2026-07-03T13:16:31.695272+00:00
gl_ea38804974521ad3,https://hbr.org/,hbr.org,Non_MFA,editorial_publisher_allowlist,high,homepage,business,Established editorial publisher; legitimate ad inventory baseline,seed-v1-2026-07-03,2026-07-03T13:16:31.695272+00:00
gl_e1c6fe942a3d3330,https://hbr.org/leadership/,hbr.org,Non_MFA,editorial_publisher_allowlist,high,category,business,Established editorial publisher; legitimate ad inventory baseline,seed-v1-2026-07-03,2026-07-03T13:16:31.695272+00:00
gl_109f1fb7f8e2a3d0,https://hbr.org/strategy/,hbr.org,Non_MFA,editorial_publisher_allowlist,high,category,business,Established editorial publisher; legitimate ad inventory baseline,seed-v1-2026-07-03,2026-07-03T13:16:31.695272+00:00
gl_1814e115d254e1c6,https://hbr.org/2024/06/15/global-markets-rally-on-inflation-data/,hbr.org,Non_MFA,editorial_publisher_allowlist,high,article,business,Established editorial publisher; legitimate ad inventory baseline,seed-v1-2026-07-03,2026-07-03T13:16:31.695272+00:00
gl_f8514af2cad7940e,https://fastcompany.com/,fastcompany.com,Non_MFA,editorial_publisher_allowlist,high,homepage,business,Established editorial publisher; legitimate ad inventory baseline,seed-v1-2026-07-03,2026-07-03T13:16:31.695272+00:00
gl_44a8e794f6e20aea,https://fastcompany.com/leadership/,fastcompany.com,Non_MFA,editorial_publisher_allowlist,high,category,business,Established editorial publisher; legitimate ad inventory baseline,seed-v1-2026-07-03,2026-07-03T13:16:31.695272+00:00
gl_45f912aeed4cdd1c,https://fastcompany.com/strategy/,fastcompany.com,Non_MFA,editorial_publisher_allowlist,high,category,business,Established editorial publisher; legitimate ad inventory baseline,seed-v1-2026-07-03,2026-07-03T13:16:31.695272+00:00
gl_36debb7d017b0ea6,https://fastcompany.com/2024/06/15/global-markets-rally-on-inflation-data/,fastcompany.com,Non_MFA,editorial_publisher_allowlist,high,article,business,Established editorial publisher; legitimate ad inventory baseline,seed-v1-2026-07-03,2026-07-03T13:16:31.695272+00:00
gl_aaca938fd641a4d0,https://inc.com/,inc.com,Non_MFA,editorial_publisher_allowlist,high,homepage,business,Established editorial publisher; legitimate ad inventory baseline,seed-v1-2026-07-03,2026-07-03T13:16:31.695272+00:00
gl_eda2377e7de200c0,https://inc.com/leadership/,inc.com,Non_MFA,editorial_publisher_allowlist,high,category,business,Established editorial publisher; legitimate ad inventory baseline,seed-v1-2026-07-03,2026-07-03T13:16:31.695272+00:00
gl_f4c85818b9d6cdc9,https://inc.com/strategy/,inc.com,Non_MFA,editorial_publisher_allowlist,high,category,business,Established editorial publisher; legitimate ad inventory baseline,seed-v1-2026-07-03,2026-07-03T13:16:31.695272+00:00
gl_286b24815ff7d05f,https://inc.com/2024/06/15/global-markets-rally-on-inflation-data/,inc.com,Non_MFA,editorial_publisher_allowlist,high,article,business,Established editorial publisher; legitimate ad inventory baseline,seed-v1-2026-07-03,2026-07-03T13:16:31.695272+00:00
gl_648dbdced895f1b0,https://seekingalpha.com/,seekingalpha.com,Non_MFA,editorial_publisher_allowlist,high,homepage,finance,Established editorial publisher; legitimate ad inventory baseline,seed-v1-2026-07-03,2026-07-03T13:16:31.695272+00:00
gl_074a6c4d272182ad,https://seekingalpha.com/markets/,seekingalpha.com,Non_MFA,editorial_publisher_allowlist,high,category,finance,Established editorial publisher; legitimate ad inventory baseline,seed-v1-2026-07-03,2026-07-03T13:16:31.695272+00:00
gl_a2608f9efe34b6cd,https://seekingalpha.com/investing/,seekingalpha.com,Non_MFA,editorial_publisher_allowlist,high,category,finance,Established editorial publisher; legitimate ad inventory baseline,seed-v1-2026-07-03,2026-07-03T13:16:31.695272+00:00
gl_a246f1862e846742,https://seekingalpha.com/2024/06/15/global-markets-rally-on-inflation-data/,seekingalpha.com,Non_MFA,editorial_publisher_allowlist,high,article,finance,Established editorial publisher; legitimate ad inventory baseline,seed-v1-2026-07-03,2026-07-03T13:16:31.695272+00:00
gl_a8e6fe7346135cc6,https://morningstar.com/,morningstar.com,Non_MFA,editorial_publisher_allowlist,high,homepage,finance,Established editorial publisher; legitimate ad inventory baseline,seed-v1-2026-07-03,2026-07-03T13:16:31.695272+00:00
gl_1c4492782c620719,https://morningstar.com/markets/,morningstar.com,Non_MFA,editorial_publisher_allowlist,high,category,finance,Established editorial publisher; legitimate ad inventory baseline,seed-v1-2026-07-03,2026-07-03T13:16:31.695272+00:00
gl_df8f71e6667a5395,https://morningstar.com/investing/,morningstar.com,Non_MFA,editorial_publisher_allowlist,high,category,finance,Established editorial publisher; legitimate ad inventory baseline,seed-v1-2026-07-03,2026-07-03T13:16:31.695272+00:00
gl_ce4ac415a37dcc5e,https://morningstar.com/2024/06/15/global-markets-rally-on-inflation-data/,morningstar.com,Non_MFA,editorial_publisher_allowlist,high,article,finance,Established editorial publisher; legitimate ad inventory baseline,seed-v1-2026-07-03,2026-07-03T13:16:31.695272+00:00
gl_67865a18d6bf4028,https://espn.com/,espn.com,Non_MFA,editorial_publisher_allowlist,high,homepage,sports,Established editorial publisher; legitimate ad inventory baseline,seed-v1-2026-07-03,2026-07-03T13:16:31.695272+00:00
gl_1d522025e5bfb210,https://espn.com/nba/,espn.com,Non_MFA,editorial_publisher_allowlist,high,category,sports,Established editorial publisher; legitimate ad inventory baseline,seed-v1-2026-07-03,2026-07-03T13:16:31.695272+00:00
gl_db0ed792de735e6f,https://espn.com/nfl/,espn.com,Non_MFA,editorial_publisher_allowlist,high,category,sports,Established editorial publisher; legitimate ad inventory baseline,seed-v1-2026-07-03,2026-07-03T13:16:31.695272+00:00
gl_5dc2a3e19c45a0ba,https://espn.com/2024/06/15/global-markets-rally-on-inflation-data/,espn.com,Non_MFA,editorial_publisher_allowlist,high,article,sports,Established editorial publisher; legitimate ad inventory baseline,seed-v1-2026-07-03,2026-07-03T13:16:31.695272+00:00
gl_4012039fec1c1d0d,https://sports.yahoo.com/,sports.yahoo.com,Non_MFA,editorial_publisher_allowlist,high,homepage,sports,Established editorial publisher; legitimate ad inventory baseline,seed-v1-2026-07-03,2026-07-03T13:16:31.695272+00:00
gl_ab19b0e388bf4bf2,https://sports.yahoo.com/nba/,sports.yahoo.com,Non_MFA,editorial_publisher_allowlist,high,category,sports,Established editorial publisher; legitimate ad inventory baseline,seed-v1-2026-07-03,2026-07-03T13:16:31.695272+00:00
gl_4859ee624a141c0f,https://sports.yahoo.com/nfl/,sports.yahoo.com,Non_MFA,editorial_publisher_allowlist,high,category,sports,Established editorial publisher; legitimate ad inventory baseline,seed-v1-2026-07-03,2026-07-03T13:16:31.695272+00:00
gl_e71f7fc0c6301764,https://sports.yahoo.com/2024/06/15/global-markets-rally-on-inflation-data/,sports.yahoo.com,Non_MFA,editorial_publisher_allowlist,high,article,sports,Established editorial publisher; legitimate ad inventory baseline,seed-v1-2026-07-03,2026-07-03T13:16:31.695272+00:00
gl_c53c2b8da56db3e9,https://bleacherreport.com/,bleacherreport.com,Non_MFA,editorial_publisher_allowlist,high,homepage,sports,Established editorial publisher; legitimate ad inventory baseline,seed-v1-2026-07-03,2026-07-03T13:16:31.695272+00:00
gl_fbcaebafdb9f3173,https://bleacherreport.com/nba/,bleacherreport.com,Non_MFA,editorial_publisher_allowlist,high,category,sports,Established editorial publisher; legitimate ad inventory baseline,seed-v1-2026-07-03,2026-07-03T13:16:31.695272+00:00
gl_c23de141e5fd9a92,https://bleacherreport.com/nfl/,bleacherreport.com,Non_MFA,editorial_publisher_allowlist,high,category,sports,Established editorial publisher; legitimate ad inventory baseline,seed-v1-2026-07-03,2026-07-03T13:16:31.695272+00:00
gl_0688d7d7d81561c8,https://bleacherreport.com/2024/06/15/global-markets-rally-on-inflation-data/,bleacherreport.com,Non_MFA,editorial_publisher_allowlist,high,article,sports,Established editorial publisher; legitimate ad inventory baseline,seed-v1-2026-07-03,2026-07-03T13:16:31.695272+00:00
gl_a6bf500441b82d00,https://theathletic.com/,theathletic.com,Non_MFA,editorial_publisher_allowlist,high,homepage,sports,Established editorial publisher; legitimate ad inventory baseline,seed-v1-2026-07-03,2026-07-03T13:16:31.695272+00:00
gl_06ed85d5f8044940,https://theathletic.com/nba/,theathletic.com,Non_MFA,editorial_publisher_allowlist,high,category,sports,Established editorial publisher; legitimate ad inventory baseline,seed-v1-2026-07-03,2026-07-03T13:16:31.695272+00:00
gl_252970e4595c2565,https://theathletic.com/nfl/,theathletic.com,Non_MFA,editorial_publisher_allowlist,high,category,sports,Established editorial publisher; legitimate ad inventory baseline,seed-v1-2026-07-03,2026-07-03T13:16:31.695272+00:00
gl_015527e519c8afe6,https://theathletic.com/2024/06/15/global-markets-rally-on-inflation-data/,theathletic.com,Non_MFA,editorial_publisher_allowlist,high,article,sports,Established editorial publisher; legitimate ad inventory baseline,seed-v1-2026-07-03,2026-07-03T13:16:31.695272+00:00
gl_d4000d74e0c2aa0d,https://skysports.com/,skysports.com,Non_MFA,editorial_publisher_allowlist,high,homepage,sports,Established editorial publisher; legitimate ad inventory baseline,seed-v1-2026-07-03,2026-07-03T13:16:31.695272+00:00
gl_89aa45de2109fb25,https://skysports.com/nba/,skysports.com,Non_MFA,editorial_publisher_allowlist,high,category,sports,Established editorial publisher; legitimate ad inventory baseline,seed-v1-2026-07-03,2026-07-03T13:16:31.695272+00:00
gl_670d567a5af43ff2,https://skysports.com/nfl/,skysports.com,Non_MFA,editorial_publisher_allowlist,high,category,sports,Established editorial publisher; legitimate ad inventory baseline,seed-v1-2026-07-03,2026-07-03T13:16:31.695272+00:00
gl_2efb73f521213961,https://skysports.com/2024/06/15/global-markets-rally-on-inflation-data/,skysports.com,Non_MFA,editorial_publisher_allowlist,high,article,sports,Established editorial publisher; legitimate ad inventory baseline,seed-v1-2026-07-03,2026-07-03T13:16:31.695272+00:00
gl_6f12c74afde64d5f,https://nba.com/,nba.com,Non_MFA,editorial_publisher_allowlist,high,homepage,sports,Established editorial publisher; legitimate ad inventory baseline,seed-v1-2026-07-03,2026-07-03T13:16:31.695272+00:00
gl_350e662ec210d2f5,https://nba.com/nba/,nba.com,Non_MFA,editorial_publisher_allowlist,high,category,sports,Established editorial publisher; legitimate ad inventory baseline,seed-v1-2026-07-03,2026-07-03T13:16:31.695272+00:00
gl_b90b6a590e97e356,https://nba.com/nfl/,nba.com,Non_MFA,editorial_publisher_allowlist,high,category,sports,Established editorial publisher; legitimate ad inventory baseline,seed-v1-2026-07-03,2026-07-03T13:16:31.695272+00:00
gl_2bd567edd5a75f28,https://nba.com/2024/06/15/global-markets-rally-on-inflation-data/,nba.com,Non_MFA,editorial_publisher_allowlist,high,article,sports,Established editorial publisher; legitimate ad inventory baseline,seed-v1-2026-07-03,2026-07-03T13:16:31.695272+00:00
gl_41162e887beddc46,https://nfl.com/,nfl.com,Non_MFA,editorial_publisher_allowlist,high,homepage,sports,Established editorial publisher; legitimate ad inventory baseline,seed-v1-2026-07-03,2026-07-03T13:16:31.695272+00:00
gl_fea2e91e4f7a6a16,https://nfl.com/nba/,nfl.com,Non_MFA,editorial_publisher_allowlist,high,category,sports,Established editorial publisher; legitimate ad inventory baseline,seed-v1-2026-07-03,2026-07-03T13:16:31.695272+00:00
gl_eb1d856ffbe9d217,https://nfl.com/nfl/,nfl.com,Non_MFA,editorial_publisher_allowlist,high,category,sports,Established editorial publisher; legitimate ad inventory baseline,seed-v1-2026-07-03,2026-07-03T13:16:31.695272+00:00
gl_34aa7515711ee2f3,https://nfl.com/2024/06/15/global-markets-rally-on-inflation-data/,nfl.com,Non_MFA,editorial_publisher_allowlist,high,article,sports,Established editorial publisher; legitimate ad inventory baseline,seed-v1-2026-07-03,2026-07-03T13:16:31.695272+00:00
gl_a894e074c0d00081,https://mlb.com/,mlb.com,Non_MFA,editorial_publisher_allowlist,high,homepage,sports,Established editorial publisher; legitimate ad inventory baseline,seed-v1-2026-07-03,2026-07-03T13:16:31.695272+00:00
gl_be940535478a52b6,https://mlb.com/nba/,mlb.com,Non_MFA,editorial_publisher_allowlist,high,category,sports,Established editorial publisher; legitimate ad inventory baseline,seed-v1-2026-07-03,2026-07-03T13:16:31.695272+00:00
gl_0fc0d6e10d2b4fb8,https://mlb.com/nfl/,mlb.com,Non_MFA,editorial_publisher_allowlist,high,category,sports,Established editorial publisher; legitimate ad inventory baseline,seed-v1-2026-07-03,2026-07-03T13:16:31.695272+00:00
gl_c965cabfce3f45ef,https://mlb.com/2024/06/15/global-markets-rally-on-inflation-data/,mlb.com,Non_MFA,editorial_publisher_allowlist,high,article,sports,Established editorial publisher; legitimate ad inventory baseline,seed-v1-2026-07-03,2026-07-03T13:16:31.695272+00:00
gl_27e3c19f9972fb61,https://nature.com/,nature.com,Non_MFA,editorial_publisher_allowlist,high,homepage,science,Established editorial publisher; legitimate ad inventory baseline,seed-v1-2026-07-03,2026-07-03T13:16:31.695272+00:00
gl_8da704b6cec658a0,https://nature.com/biology/,nature.com,Non_MFA,editorial_publisher_allowlist,high,category,science,Established editorial publisher; legitimate ad inventory baseline,seed-v1-2026-07-03,2026-07-03T13:16:31.695272+00:00
gl_9488c0e1e003c875,https://nature.com/physics/,nature.com,Non_MFA,editorial_publisher_allowlist,high,category,science,Established editorial publisher; legitimate ad inventory baseline,seed-v1-2026-07-03,2026-07-03T13:16:31.695272+00:00
gl_c9128099d2dd79a4,https://nature.com/2024/06/15/global-markets-rally-on-inflation-data/,nature.com,Non_MFA,editorial_publisher_allowlist,high,article,science,Established editorial publisher; legitimate ad inventory baseline,seed-v1-2026-07-03,2026-07-03T13:16:31.695272+00:00
gl_c6cdcb862a6d8ce7,https://science.org/,science.org,Non_MFA,editorial_publisher_allowlist,high,homepage,science,Established editorial publisher; legitimate ad inventory baseline,seed-v1-2026-07-03,2026-07-03T13:16:31.695272+00:00
gl_1757d3f59cda7f51,https://science.org/biology/,science.org,Non_MFA,editorial_publisher_allowlist,high,category,science,Established editorial publisher; legitimate ad inventory baseline,seed-v1-2026-07-03,2026-07-03T13:16:31.695272+00:00
gl_ac38c6ed63ed99d3,https://science.org/physics/,science.org,Non_MFA,editorial_publisher_allowlist,high,category,science,Established editorial publisher; legitimate ad inventory baseline,seed-v1-2026-07-03,2026-07-03T13:16:31.695272+00:00
gl_27fb6fd251e7be8c,https://science.org/2024/06/15/global-markets-rally-on-inflation-data/,science.org,Non_MFA,editorial_publisher_allowlist,high,article,science,Established editorial publisher; legitimate ad inventory baseline,seed-v1-2026-07-03,2026-07-03T13:16:31.695272+00:00
gl_8d4a9db8611a8d1c,https://scientificamerican.com/,scientificamerican.com,Non_MFA,editorial_publisher_allowlist,high,homepage,science,Established editorial publisher; legitimate ad inventory baseline,seed-v1-2026-07-03,2026-07-03T13:16:31.695272+00:00
gl_2e9fd30cc45457e8,https://scientificamerican.com/biology/,scientificamerican.com,Non_MFA,editorial_publisher_allowlist,high,category,science,Established editorial publisher; legitimate ad inventory baseline,seed-v1-2026-07-03,2026-07-03T13:16:31.695272+00:00
gl_951045661b38065d,https://scientificamerican.com/physics/,scientificamerican.com,Non_MFA,editorial_publisher_allowlist,high,category,science,Established editorial publisher; legitimate ad inventory baseline,seed-v1-2026-07-03,2026-07-03T13:16:31.695272+00:00
gl_e3da22b011ffe279,https://scientificamerican.com/2024/06/15/global-markets-rally-on-inflation-data/,scientificamerican.com,Non_MFA,editorial_publisher_allowlist,high,article,science,Established editorial publisher; legitimate ad inventory baseline,seed-v1-2026-07-03,2026-07-03T13:16:31.695272+00:00
gl_1db0c04281da1dbe,https://newscientist.com/,newscientist.com,Non_MFA,editorial_publisher_allowlist,high,homepage,science,Established editorial publisher; legitimate ad inventory baseline,seed-v1-2026-07-03,2026-07-03T13:16:31.695272+00:00
gl_b04f0ea7d37f6b20,https://newscientist.com/biology/,newscientist.com,Non_MFA,editorial_publisher_allowlist,high,category,science,Established editorial publisher; legitimate ad inventory baseline,seed-v1-2026-07-03,2026-07-03T13:16:31.695272+00:00
gl_3a8ce1cb61280b4a,https://newscientist.com/physics/,newscientist.com,Non_MFA,editorial_publisher_allowlist,high,category,science,Established editorial publisher; legitimate ad inventory baseline,seed-v1-2026-07-03,2026-07-03T13:16:31.695272+00:00
gl_d32a1cc8f3509a30,https://newscientist.com/2024/06/15/global-markets-rally-on-inflation-data/,newscientist.com,Non_MFA,editorial_publisher_allowlist,high,article,science,Established editorial publisher; legitimate ad inventory baseline,seed-v1-2026-07-03,2026-07-03T13:16:31.695272+00:00
gl_d1930a4a23f98a0c,https://statnews.com/,statnews.com,Non_MFA,editorial_publisher_allowlist,high,homepage,health,Established editorial publisher; legitimate ad inventory baseline,seed-v1-2026-07-03,2026-07-03T13:16:31.695272+00:00
gl_3afcf996c3b930e8,https://statnews.com/conditions/,statnews.com,Non_MFA,editorial_publisher_allowlist,high,category,health,Established editorial publisher; legitimate ad inventory baseline,seed-v1-2026-07-03,2026-07-03T13:16:31.695272+00:00
gl_f80d8b62a117bed6,https://statnews.com/wellness/,statnews.com,Non_MFA,editorial_publisher_allowlist,high,category,health,Established editorial publisher; legitimate ad inventory baseline,seed-v1-2026-07-03,2026-07-03T13:16:31.695272+00:00
gl_f00f85c3a2689f72,https://statnews.com/2024/06/15/global-markets-rally-on-inflation-data/,statnews.com,Non_MFA,editorial_publisher_allowlist,high,article,health,Established editorial publisher; legitimate ad inventory baseline,seed-v1-2026-07-03,2026-07-03T13:16:31.695272+00:00
gl_93cbdae273c5840e,https://healthline.com/,healthline.com,Non_MFA,editorial_publisher_allowlist,high,homepage,health,Established editorial publisher; legitimate ad inventory baseline,seed-v1-2026-07-03,2026-07-03T13:16:31.695272+00:00
gl_773bf4673e3a9893,https://healthline.com/conditions/,healthline.com,Non_MFA,editorial_publisher_allowlist,high,category,health,Established editorial publisher; legitimate ad inventory baseline,seed-v1-2026-07-03,2026-07-03T13:16:31.695272+00:00
gl_8dc10c6b5a028d84,https://healthline.com/wellness/,healthline.com,Non_MFA,editorial_publisher_allowlist,high,category,health,Established editorial publisher; legitimate ad inventory baseline,seed-v1-2026-07-03,2026-07-03T13:16:31.695272+00:00
gl_e2441782ebc84faa,https://healthline.com/2024/06/15/global-markets-rally-on-inflation-data/,healthline.com,Non_MFA,editorial_publisher_allowlist,high,article,health,Established editorial publisher; legitimate ad inventory baseline,seed-v1-2026-07-03,2026-07-03T13:16:31.695272+00:00
gl_38dd5f148f449690,https://mayoclinic.org/,mayoclinic.org,Non_MFA,editorial_publisher_allowlist,high,homepage,health,Established editorial publisher; legitimate ad inventory baseline,seed-v1-2026-07-03,2026-07-03T13:16:31.695272+00:00
gl_cf8c7d4de0dd0c5b,https://mayoclinic.org/conditions/,mayoclinic.org,Non_MFA,editorial_publisher_allowlist,high,category,health,Established editorial publisher; legitimate ad inventory baseline,seed-v1-2026-07-03,2026-07-03T13:16:31.695272+00:00
gl_01c56828620047a8,https://mayoclinic.org/wellness/,mayoclinic.org,Non_MFA,editorial_publisher_allowlist,high,category,health,Established editorial publisher; legitimate ad inventory baseline,seed-v1-2026-07-03,2026-07-03T13:16:31.695272+00:00
gl_b3e1b61838e09db7,https://mayoclinic.org/2024/06/15/global-markets-rally-on-inflation-data/,mayoclinic.org,Non_MFA,editorial_publisher_allowlist,high,article,health,Established editorial publisher; legitimate ad inventory baseline,seed-v1-2026-07-03,2026-07-03T13:16:31.695272+00:00
gl_6aab13d7ed6bb24b,https://webmd.com/,webmd.com,Non_MFA,editorial_publisher_allowlist,high,homepage,health,Established editorial publisher; legitimate ad inventory baseline,seed-v1-2026-07-03,2026-07-03T13:16:31.695272+00:00
gl_54acb0103b3b3a7f,https://webmd.com/conditions/,webmd.com,Non_MFA,editorial_publisher_allowlist,high,category,health,Established editorial publisher; legitimate ad inventory baseline,seed-v1-2026-07-03,2026-07-03T13:16:31.695272+00:00
gl_6d3c6d5da6dcd933,https://webmd.com/wellness/,webmd.com,Non_MFA,editorial_publisher_allowlist,high,category,health,Established editorial publisher; legitimate ad inventory baseline,seed-v1-2026-07-03,2026-07-03T13:16:31.695272+00:00
gl_26de325715787edc,https://webmd.com/2024/06/15/global-markets-rally-on-inflation-data/,webmd.com,Non_MFA,editorial_publisher_allowlist,high,article,health,Established editorial publisher; legitimate ad inventory baseline,seed-v1-2026-07-03,2026-07-03T13:16:31.695272+00:00
gl_83b5549628e7ea2f,https://nih.gov/,nih.gov,Non_MFA,editorial_publisher_allowlist,high,homepage,health,Established editorial publisher; legitimate ad inventory baseline,seed-v1-2026-07-03,2026-07-03T13:16:31.695272+00:00
gl_5b894f7b164cf47f,https://nih.gov/conditions/,nih.gov,Non_MFA,editorial_publisher_allowlist,high,category,health,Established editorial publisher; legitimate ad inventory baseline,seed-v1-2026-07-03,2026-07-03T13:16:31.695272+00:00
gl_8eeb137f14259d34,https://nih.gov/wellness/,nih.gov,Non_MFA,editorial_publisher_allowlist,high,category,health,Established editorial publisher; legitimate ad inventory baseline,seed-v1-2026-07-03,2026-07-03T13:16:31.695272+00:00
gl_5a1e1a110bae3101,https://nih.gov/2024/06/15/global-markets-rally-on-inflation-data/,nih.gov,Non_MFA,editorial_publisher_allowlist,high,article,health,Established editorial publisher; legitimate ad inventory baseline,seed-v1-2026-07-03,2026-07-03T13:16:31.695272+00:00
gl_567f1e6f5793f4cf,https://cdc.gov/,cdc.gov,Non_MFA,editorial_publisher_allowlist,high,homepage,health,Established editorial publisher; legitimate ad inventory baseline,seed-v1-2026-07-03,2026-07-03T13:16:31.695272+00:00
gl_bf5f232fd99fb221,https://cdc.gov/conditions/,cdc.gov,Non_MFA,editorial_publisher_allowlist,high,category,health,Established editorial publisher; legitimate ad inventory baseline,seed-v1-2026-07-03,2026-07-03T13:16:31.695272+00:00
gl_5d30c748c3eaec4f,https://cdc.gov/wellness/,cdc.gov,Non_MFA,editorial_publisher_allowlist,high,category,health,Established editorial publisher; legitimate ad inventory baseline,seed-v1-2026-07-03,2026-07-03T13:16:31.695272+00:00
gl_9ef4aa116b0ffae3,https://cdc.gov/2024/06/15/global-markets-rally-on-inflation-data/,cdc.gov,Non_MFA,editorial_publisher_allowlist,high,article,health,Established editorial publisher; legitimate ad inventory baseline,seed-v1-2026-07-03,2026-07-03T13:16:31.695272+00:00
gl_a5ec93b8456d56c6,https://vogue.com/,vogue.com,Non_MFA,editorial_publisher_allowlist,high,homepage,fashion,Established editorial publisher; legitimate ad inventory baseline,seed-v1-2026-07-03,2026-07-03T13:16:31.695272+00:00
gl_68d1e3176cf37fe7,https://vogue.com/trends/,vogue.com,Non_MFA,editorial_publisher_allowlist,high,category,fashion,Established editorial publisher; legitimate ad inventory baseline,seed-v1-2026-07-03,2026-07-03T13:16:31.695272+00:00
gl_d5ea268df1daf1d0,https://vogue.com/style/,vogue.com,Non_MFA,editorial_publisher_allowlist,high,category,fashion,Established editorial publisher; legitimate ad inventory baseline,seed-v1-2026-07-03,2026-07-03T13:16:31.695272+00:00
gl_818b8cf94e839894,https://vogue.com/2024/06/15/global-markets-rally-on-inflation-data/,vogue.com,Non_MFA,editorial_publisher_allowlist,high,article,fashion,Established editorial publisher; legitimate ad inventory baseline,seed-v1-2026-07-03,2026-07-03T13:16:31.695272+00:00
gl_435b02901cd0b229,https://bonappetit.com/,bonappetit.com,Non_MFA,editorial_publisher_allowlist,high,homepage,food,Established editorial publisher; legitimate ad inventory baseline,seed-v1-2026-07-03,2026-07-03T13:16:31.695272+00:00
gl_0e7cc80ad27d9e90,https://bonappetit.com/recipes/,bonappetit.com,Non_MFA,editorial_publisher_allowlist,high,category,food,Established editorial publisher; legitimate ad inventory baseline,seed-v1-2026-07-03,2026-07-03T13:16:31.695272+00:00
gl_542adafe00ab4051,https://bonappetit.com/restaurants/,bonappetit.com,Non_MFA,editorial_publisher_allowlist,high,category,food,Established editorial publisher; legitimate ad inventory baseline,seed-v1-2026-07-03,2026-07-03T13:16:31.695272+00:00
gl_ae28f2e4890c090f,https://bonappetit.com/2024/06/15/global-markets-rally-on-inflation-data/,bonappetit.com,Non_MFA,editorial_publisher_allowlist,high,article,food,Established editorial publisher; legitimate ad inventory baseline,seed-v1-2026-07-03,2026-07-03T13:16:31.695272+00:00
gl_4d73ac85e7d36dd9,https://seriouseats.com/,seriouseats.com,Non_MFA,editorial_publisher_allowlist,high,homepage,food,Established editorial publisher; legitimate ad inventory baseline,seed-v1-2026-07-03,2026-07-03T13:16:31.695272+00:00
gl_0204440b0864ea1b,https://seriouseats.com/recipes/,seriouseats.com,Non_MFA,editorial_publisher_allowlist,high,category,food,Established editorial publisher; legitimate ad inventory baseline,seed-v1-2026-07-03,2026-07-03T13:16:31.695272+00:00
gl_a27c1dd3814be9eb,https://seriouseats.com/restaurants/,seriouseats.com,Non_MFA,editorial_publisher_allowlist,high,category,food,Established editorial publisher; legitimate ad inventory baseline,seed-v1-2026-07-03,2026-07-03T13:16:31.695272+00:00
gl_bdb326f9bc78be8c,https://seriouseats.com/2024/06/15/global-markets-rally-on-inflation-data/,seriouseats.com,Non_MFA,editorial_publisher_allowlist,high,article,food,Established editorial publisher; legitimate ad inventory baseline,seed-v1-2026-07-03,2026-07-03T13:16:31.695272+00:00
gl_742717931efb4f08,https://foodnetwork.com/,foodnetwork.com,Non_MFA,editorial_publisher_allowlist,high,homepage,food,Established editorial publisher; legitimate ad inventory baseline,seed-v1-2026-07-03,2026-07-03T13:16:31.695272+00:00
gl_8e6dd94a4c4f9e1f,https://foodnetwork.com/recipes/,foodnetwork.com,Non_MFA,editorial_publisher_allowlist,high,category,food,Established editorial publisher; legitimate ad inventory baseline,seed-v1-2026-07-03,2026-07-03T13:16:31.695272+00:00
gl_ef770c59f3d9f9a8,https://foodnetwork.com/restaurants/,foodnetwork.com,Non_MFA,editorial_publisher_allowlist,high,category,food,Established editorial publisher; legitimate ad inventory baseline,seed-v1-2026-07-03,2026-07-03T13:16:31.695272+00:00
gl_5d77eb0805e7a9fe,https://foodnetwork.com/2024/06/15/global-markets-rally-on-inflation-data/,foodnetwork.com,Non_MFA,editorial_publisher_allowlist,high,article,food,Established editorial publisher; legitimate ad inventory baseline,seed-v1-2026-07-03,2026-07-03T13:16:31.695272+00:00
gl_afc1f7864aafd602,https://nationalgeographic.com/,nationalgeographic.com,Non_MFA,editorial_publisher_allowlist,high,homepage,nature,Established editorial publisher; legitimate ad inventory baseline,seed-v1-2026-07-03,2026-07-03T13:16:31.695272+00:00
gl_2f43c228838a4c8a,https://nationalgeographic.com/animals/,nationalgeographic.com,Non_MFA,editorial_publisher_allowlist,high,category,nature,Established editorial publisher; legitimate ad inventory baseline,seed-v1-2026-07-03,2026-07-03T13:16:31.695272+00:00
gl_61d21dc3889a170c,https://nationalgeographic.com/environment/,nationalgeographic.com,Non_MFA,editorial_publisher_allowlist,high,category,nature,Established editorial publisher; legitimate ad inventory baseline,seed-v1-2026-07-03,2026-07-03T13:16:31.695272+00:00
gl_bc1e9da6c74779b2,https://nationalgeographic.com/2024/06/15/global-markets-rally-on-inflation-data/,nationalgeographic.com,Non_MFA,editorial_publisher_allowlist,high,article,nature,Established editorial publisher; legitimate ad inventory baseline,seed-v1-2026-07-03,2026-07-03T13:16:31.695272+00:00
gl_1b72b136d8e8d4f9,https://smithsonianmag.com/,smithsonianmag.com,Non_MFA,editorial_publisher_allowlist,high,homepage,culture,Established editorial publisher; legitimate ad inventory baseline,seed-v1-2026-07-03,2026-07-03T13:16:31.695272+00:00
gl_5f96180cb422c6ed,https://smithsonianmag.com/history/,smithsonianmag.com,Non_MFA,editorial_publisher_allowlist,high,category,culture,Established editorial publisher; legitimate ad inventory baseline,seed-v1-2026-07-03,2026-07-03T13:16:31.695272+00:00
gl_8f4a8f9b8903c2f3,https://smithsonianmag.com/science/,smithsonianmag.com,Non_MFA,editorial_publisher_allowlist,high,category,culture,Established editorial publisher; legitimate ad inventory baseline,seed-v1-2026-07-03,2026-07-03T13:16:31.695272+00:00
gl_67625f6fa8e21491,https://smithsonianmag.com/2024/06/15/global-markets-rally-on-inflation-data/,smithsonianmag.com,Non_MFA,editorial_publisher_allowlist,high,article,culture,Established editorial publisher; legitimate ad inventory baseline,seed-v1-2026-07-03,2026-07-03T13:16:31.695272+00:00
gl_37af37efc6ec6937,https://mentalfloss.com/,mentalfloss.com,Non_MFA,editorial_publisher_allowlist,high,homepage,culture,Established editorial publisher; legitimate ad inventory baseline,seed-v1-2026-07-03,2026-07-03T13:16:31.695272+00:00
gl_6fdb3cc0486b6792,https://mentalfloss.com/history/,mentalfloss.com,Non_MFA,editorial_publisher_allowlist,high,category,culture,Established editorial publisher; legitimate ad inventory baseline,seed-v1-2026-07-03,2026-07-03T13:16:31.695272+00:00
gl_dffdd71dfb425d2f,https://mentalfloss.com/science/,mentalfloss.com,Non_MFA,editorial_publisher_allowlist,high,category,culture,Established editorial publisher; legitimate ad inventory baseline,seed-v1-2026-07-03,2026-07-03T13:16:31.695272+00:00
gl_118992df869751b7,https://mentalfloss.com/2024/06/15/global-markets-rally-on-inflation-data/,mentalfloss.com,Non_MFA,editorial_publisher_allowlist,high,article,culture,Established editorial publisher; legitimate ad inventory baseline,seed-v1-2026-07-03,2026-07-03T13:16:31.695272+00:00
gl_274258829fea19b3,https://wikipedia.org/,wikipedia.org,Non_MFA,editorial_publisher_allowlist,high,homepage,reference,Established editorial publisher; legitimate ad inventory baseline,seed-v1-2026-07-03,2026-07-03T13:16:31.695272+00:00
gl_d602118b8f13addb,https://wikipedia.org/world/,wikipedia.org,Non_MFA,editorial_publisher_allowlist,high,category,reference,Established editorial publisher; legitimate ad inventory baseline,seed-v1-2026-07-03,2026-07-03T13:16:31.695272+00:00
gl_ccf26de7c119145b,https://wikipedia.org/science/,wikipedia.org,Non_MFA,editorial_publisher_allowlist,high,category,reference,Established editorial publisher; legitimate ad inventory baseline,seed-v1-2026-07-03,2026-07-03T13:16:31.695272+00:00
gl_293408f91cd72f83,https://wikipedia.org/2024/06/15/global-markets-rally-on-inflation-data/,wikipedia.org,Non_MFA,editorial_publisher_allowlist,high,article,reference,Established editorial publisher; legitimate ad inventory baseline,seed-v1-2026-07-03,2026-07-03T13:16:31.695272+00:00
gl_b5d5d819c9774856,https://britannica.com/,britannica.com,Non_MFA,editorial_publisher_allowlist,high,homepage,reference,Established editorial publisher; legitimate ad inventory baseline,seed-v1-2026-07-03,2026-07-03T13:16:31.695272+00:00
gl_aed28e7ef876b2bc,https://britannica.com/world/,britannica.com,Non_MFA,editorial_publisher_allowlist,high,category,reference,Established editorial publisher; legitimate ad inventory baseline,seed-v1-2026-07-03,2026-07-03T13:16:31.695272+00:00
gl_0f18dbe29a0acf24,https://britannica.com/science/,britannica.com,Non_MFA,editorial_publisher_allowlist,high,category,reference,Established editorial publisher; legitimate ad inventory baseline,seed-v1-2026-07-03,2026-07-03T13:16:31.695272+00:00
gl_a4e1ecce627e68b8,https://britannica.com/2024/06/15/global-markets-rally-on-inflation-data/,britannica.com,Non_MFA,editorial_publisher_allowlist,high,article,reference,Established editorial publisher; legitimate ad inventory baseline,seed-v1-2026-07-03,2026-07-03T13:16:31.695272+00:00
gl_2e7599093831ec85,https://khanacademy.org/,khanacademy.org,Non_MFA,editorial_publisher_allowlist,high,homepage,education,Established editorial publisher; legitimate ad inventory baseline,seed-v1-2026-07-03,2026-07-03T13:16:31.695272+00:00
gl_b02b1f05f0bbed1a,https://khanacademy.org/courses/,khanacademy.org,Non_MFA,editorial_publisher_allowlist,high,category,education,Established editorial publisher; legitimate ad inventory baseline,seed-v1-2026-07-03,2026-07-03T13:16:31.695272+00:00
gl_5ce5eed05b1c3147,https://khanacademy.org/research/,khanacademy.org,Non_MFA,editorial_publisher_allowlist,high,category,education,Established editorial publisher; legitimate ad inventory baseline,seed-v1-2026-07-03,2026-07-03T13:16:31.695272+00:00
gl_b297ab1bcf5e3b46,https://khanacademy.org/2024/06/15/global-markets-rally-on-inflation-data/,khanacademy.org,Non_MFA,editorial_publisher_allowlist,high,article,education,Established editorial publisher; legitimate ad inventory baseline,seed-v1-2026-07-03,2026-07-03T13:16:31.695272+00:00
gl_d37a7be5d6b40c06,https://mit.edu/,mit.edu,Non_MFA,editorial_publisher_allowlist,high,homepage,education,Established editorial publisher; legitimate ad inventory baseline,seed-v1-2026-07-03,2026-07-03T13:16:31.695272+00:00
gl_895af4c108aa7e5b,https://mit.edu/courses/,mit.edu,Non_MFA,editorial_publisher_allowlist,high,category,education,Established editorial publisher; legitimate ad inventory baseline,seed-v1-2026-07-03,2026-07-03T13:16:31.695272+00:00
gl_eece5f654968b427,https://mit.edu/research/,mit.edu,Non_MFA,editorial_publisher_allowlist,high,category,education,Established editorial publisher; legitimate ad inventory baseline,seed-v1-2026-07-03,2026-07-03T13:16:31.695272+00:00
gl_e8db119dec9222bf,https://mit.edu/2024/06/15/global-markets-rally-on-inflation-data/,mit.edu,Non_MFA,editorial_publisher_allowlist,high,article,education,Established editorial publisher; legitimate ad inventory baseline,seed-v1-2026-07-03,2026-07-03T13:16:31.695272+00:00
gl_73c92003a3fb574a,https://stanford.edu/,stanford.edu,Non_MFA,editorial_publisher_allowlist,high,homepage,education,Established editorial publisher; legitimate ad inventory baseline,seed-v1-2026-07-03,2026-07-03T13:16:31.695272+00:00
gl_6a8a714b64b3c032,https://stanford.edu/courses/,stanford.edu,Non_MFA,editorial_publisher_allowlist,high,category,education,Established editorial publisher; legitimate ad inventory baseline,seed-v1-2026-07-03,2026-07-03T13:16:31.695272+00:00
gl_902731b78505c96b,https://stanford.edu/research/,stanford.edu,Non_MFA,editorial_publisher_allowlist,high,category,education,Established editorial publisher; legitimate ad inventory baseline,seed-v1-2026-07-03,2026-07-03T13:16:31.695272+00:00
gl_8703e71e9139f25a,https://stanford.edu/2024/06/15/global-markets-rally-on-inflation-data/,stanford.edu,Non_MFA,editorial_publisher_allowlist,high,article,education,Established editorial publisher; legitimate ad inventory baseline,seed-v1-2026-07-03,2026-07-03T13:16:31.695272+00:00
gl_ebc0cc015cf5438b,https://harvard.edu/,harvard.edu,Non_MFA,editorial_publisher_allowlist,high,homepage,education,Established editorial publisher; legitimate ad inventory baseline,seed-v1-2026-07-03,2026-07-03T13:16:31.695272+00:00
gl_6a8b420f3b5b2546,https://harvard.edu/courses/,harvard.edu,Non_MFA,editorial_publisher_allowlist,high,category,education,Established editorial publisher; legitimate ad inventory baseline,seed-v1-2026-07-03,2026-07-03T13:16:31.695272+00:00
gl_56b20214ece89164,https://harvard.edu/research/,harvard.edu,Non_MFA,editorial_publisher_allowlist,high,category,education,Established editorial publisher; legitimate ad inventory baseline,seed-v1-2026-07-03,2026-07-03T13:16:31.695272+00:00
gl_ac19d0a74d1b0510,https://harvard.edu/2024/06/15/global-markets-rally-on-inflation-data/,harvard.edu,Non_MFA,editorial_publisher_allowlist,high,article,education,Established editorial publisher; legitimate ad inventory baseline,seed-v1-2026-07-03,2026-07-03T13:16:31.695272+00:00
gl_6f842de1719bd5fa,https://variety.com/,variety.com,Non_MFA,editorial_publisher_allowlist,high,homepage,entertainment,Established editorial publisher; legitimate ad inventory baseline,seed-v1-2026-07-03,2026-07-03T13:16:31.695272+00:00
gl_f10c194bc4a6c958,https://variety.com/movies/,variety.com,Non_MFA,editorial_publisher_allowlist,high,category,entertainment,Established editorial publisher; legitimate ad inventory baseline,seed-v1-2026-07-03,2026-07-03T13:16:31.695272+00:00
gl_7b7943e73b3f94c0,https://variety.com/tv/,variety.com,Non_MFA,editorial_publisher_allowlist,high,category,entertainment,Established editorial publisher; legitimate ad inventory baseline,seed-v1-2026-07-03,2026-07-03T13:16:31.695272+00:00
gl_4b33e14ced46d87c,https://variety.com/2024/06/15/global-markets-rally-on-inflation-data/,variety.com,Non_MFA,editorial_publisher_allowlist,high,article,entertainment,Established editorial publisher; legitimate ad inventory baseline,seed-v1-2026-07-03,2026-07-03T13:16:31.695272+00:00
gl_5ef7d2e4bfb58a29,https://hollywoodreporter.com/,hollywoodreporter.com,Non_MFA,editorial_publisher_allowlist,high,homepage,entertainment,Established editorial publisher; legitimate ad inventory baseline,seed-v1-2026-07-03,2026-07-03T13:16:31.695272+00:00
gl_2f11cd22109b4dce,https://hollywoodreporter.com/movies/,hollywoodreporter.com,Non_MFA,editorial_publisher_allowlist,high,category,entertainment,Established editorial publisher; legitimate ad inventory baseline,seed-v1-2026-07-03,2026-07-03T13:16:31.695272+00:00
gl_562a867ab036d61f,https://hollywoodreporter.com/tv/,hollywoodreporter.com,Non_MFA,editorial_publisher_allowlist,high,category,entertainment,Established editorial publisher; legitimate ad inventory baseline,seed-v1-2026-07-03,2026-07-03T13:16:31.695272+00:00
gl_27ca7f1962447c0f,https://hollywoodreporter.com/2024/06/15/global-markets-rally-on-inflation-data/,hollywoodreporter.com,Non_MFA,editorial_publisher_allowlist,high,article,entertainment,Established editorial publisher; legitimate ad inventory baseline,seed-v1-2026-07-03,2026-07-03T13:16:31.695272+00:00
gl_f1db86ba33d77601,https://deadline.com/,deadline.com,Non_MFA,editorial_publisher_allowlist,high,homepage,entertainment,Established editorial publisher; legitimate ad inventory baseline,seed-v1-2026-07-03,2026-07-03T13:16:31.695272+00:00
gl_b4b6499620352a2b,https://deadline.com/movies/,deadline.com,Non_MFA,editorial_publisher_allowlist,high,category,entertainment,Established editorial publisher; legitimate ad inventory baseline,seed-v1-2026-07-03,2026-07-03T13:16:31.695272+00:00
gl_be39c6ca1c035ee2,https://deadline.com/tv/,deadline.com,Non_MFA,editorial_publisher_allowlist,high,category,entertainment,Established editorial publisher; legitimate ad inventory baseline,seed-v1-2026-07-03,2026-07-03T13:16:31.695272+00:00
gl_46dd6232c5646426,https://deadline.com/2024/06/15/global-markets-rally-on-inflation-data/,deadline.com,Non_MFA,editorial_publisher_allowlist,high,article,entertainment,Established editorial publisher; legitimate ad inventory baseline,seed-v1-2026-07-03,2026-07-03T13:16:31.695272+00:00
gl_8730d492da1b65a0,https://ign.com/,ign.com,Non_MFA,editorial_publisher_allowlist,high,homepage,entertainment,Established editorial publisher; legitimate ad inventory baseline,seed-v1-2026-07-03,2026-07-03T13:16:31.695272+00:00
gl_cdd99e1523289cf9,https://ign.com/movies/,ign.com,Non_MFA,editorial_publisher_allowlist,high,category,entertainment,Established editorial publisher; legitimate ad inventory baseline,seed-v1-2026-07-03,2026-07-03T13:16:31.695272+00:00
gl_bd2912e0e4ac4d71,https://ign.com/tv/,ign.com,Non_MFA,editorial_publisher_allowlist,high,category,entertainment,Established editorial publisher; legitimate ad inventory baseline,seed-v1-2026-07-03,2026-07-03T13:16:31.695272+00:00
gl_9c41d1187bee9509,https://ign.com/2024/06/15/global-markets-rally-on-inflation-data/,ign.com,Non_MFA,editorial_publisher_allowlist,high,article,entertainment,Established editorial publisher; legitimate ad inventory baseline,seed-v1-2026-07-03,2026-07-03T13:16:31.695272+00:00
gl_5861567499e12d47,https://gamespot.com/,gamespot.com,Non_MFA,editorial_publisher_allowlist,high,homepage,entertainment,Established editorial publisher; legitimate ad inventory baseline,seed-v1-2026-07-03,2026-07-03T13:16:31.695272+00:00
gl_590dfb94498a2923,https://gamespot.com/movies/,gamespot.com,Non_MFA,editorial_publisher_allowlist,high,category,entertainment,Established editorial publisher; legitimate ad inventory baseline,seed-v1-2026-07-03,2026-07-03T13:16:31.695272+00:00
gl_b6c045431a776bdc,https://gamespot.com/tv/,gamespot.com,Non_MFA,editorial_publisher_allowlist,high,category,entertainment,Established editorial publisher; legitimate ad inventory baseline,seed-v1-2026-07-03,2026-07-03T13:16:31.695272+00:00
gl_865fc3889edfafb1,https://gamespot.com/2024/06/15/global-markets-rally-on-inflation-data/,gamespot.com,Non_MFA,editorial_publisher_allowlist,high,article,entertainment,Established editorial publisher; legitimate ad inventory baseline,seed-v1-2026-07-03,2026-07-03T13:16:31.695272+00:00
gl_45c793bcba7bf9ff,https://polygon.com/,polygon.com,Non_MFA,editorial_publisher_allowlist,high,homepage,entertainment,Established editorial publisher; legitimate ad inventory baseline,seed-v1-2026-07-03,2026-07-03T13:16:31.695272+00:00
gl_9922d974c0cf416c,https://polygon.com/movies/,polygon.com,Non_MFA,editorial_publisher_allowlist,high,category,entertainment,Established editorial publisher; legitimate ad inventory baseline,seed-v1-2026-07-03,2026-07-03T13:16:31.695272+00:00
gl_bda964a1f9f89b98,https://polygon.com/tv/,polygon.com,Non_MFA,editorial_publisher_allowlist,high,category,entertainment,Established editorial publisher; legitimate ad inventory baseline,seed-v1-2026-07-03,2026-07-03T13:16:31.695272+00:00
gl_944e20b870266d94,https://polygon.com/2024/06/15/global-markets-rally-on-inflation-data/,polygon.com,Non_MFA,editorial_publisher_allowlist,high,article,entertainment,Established editorial publisher; legitimate ad inventory baseline,seed-v1-2026-07-03,2026-07-03T13:16:31.695272+00:00
gl_a6a2b06a0e5cbecc,https://seattletimes.com/,seattletimes.com,Non_MFA,editorial_publisher_allowlist,high,homepage,news,Established editorial publisher; legitimate ad inventory baseline,seed-v1-2026-07-03,2026-07-03T13:16:31.695272+00:00
gl_2243641c3893b6de,https://seattletimes.com/world/,seattletimes.com,Non_MFA,editorial_publisher_allowlist,high,category,news,Established editorial publisher; legitimate ad inventory baseline,seed-v1-2026-07-03,2026-07-03T13:16:31.695272+00:00
gl_ccb10d5e0ed1573e,https://seattletimes.com/politics/,seattletimes.com,Non_MFA,editorial_publisher_allowlist,high,category,news,Established editorial publisher; legitimate ad inventory baseline,seed-v1-2026-07-03,2026-07-03T13:16:31.695272+00:00
gl_c7c341d5b98b5ea1,https://seattletimes.com/2024/06/15/global-markets-rally-on-inflation-data/,seattletimes.com,Non_MFA,editorial_publisher_allowlist,high,article,news,Established editorial publisher; legitimate ad inventory baseline,seed-v1-2026-07-03,2026-07-03T13:16:31.695272+00:00
gl_33098bc593015d33,https://denverpost.com/,denverpost.com,Non_MFA,editorial_publisher_allowlist,high,homepage,news,Established editorial publisher; legitimate ad inventory baseline,seed-v1-2026-07-03,2026-07-03T13:16:31.695272+00:00
gl_d5f284bdf2a12d78,https://denverpost.com/world/,denverpost.com,Non_MFA,editorial_publisher_allowlist,high,category,news,Established editorial publisher; legitimate ad inventory baseline,seed-v1-2026-07-03,2026-07-03T13:16:31.695272+00:00
gl_c82b4398163c51ac,https://denverpost.com/politics/,denverpost.com,Non_MFA,editorial_publisher_allowlist,high,category,news,Established editorial publisher; legitimate ad inventory baseline,seed-v1-2026-07-03,2026-07-03T13:16:31.695272+00:00
gl_2411f4ee9db39828,https://denverpost.com/2024/06/15/global-markets-rally-on-inflation-data/,denverpost.com,Non_MFA,editorial_publisher_allowlist,high,article,news,Established editorial publisher; legitimate ad inventory baseline,seed-v1-2026-07-03,2026-07-03T13:16:31.695272+00:00
gl_7809a93a335b7fb7,https://miamiherald.com/,miamiherald.com,Non_MFA,editorial_publisher_allowlist,high,homepage,news,Established editorial publisher; legitimate ad inventory baseline,seed-v1-2026-07-03,2026-07-03T13:16:31.695272+00:00
gl_d1e8c83254bbc1e7,https://miamiherald.com/world/,miamiherald.com,Non_MFA,editorial_publisher_allowlist,high,category,news,Established editorial publisher; legitimate ad inventory baseline,seed-v1-2026-07-03,2026-07-03T13:16:31.695272+00:00
gl_b32690cbc59041bd,https://miamiherald.com/politics/,miamiherald.com,Non_MFA,editorial_publisher_allowlist,high,category,news,Established editorial publisher; legitimate ad inventory baseline,seed-v1-2026-07-03,2026-07-03T13:16:31.695272+00:00
gl_181edce19f85f6f2,https://miamiherald.com/2024/06/15/global-markets-rally-on-inflation-data/,miamiherald.com,Non_MFA,editorial_publisher_allowlist,high,article,news,Established editorial publisher; legitimate ad inventory baseline,seed-v1-2026-07-03,2026-07-03T13:16:31.695272+00:00
gl_0c33584073164f3d,https://dallasnews.com/,dallasnews.com,Non_MFA,editorial_publisher_allowlist,high,homepage,news,Established editorial publisher; legitimate ad inventory baseline,seed-v1-2026-07-03,2026-07-03T13:16:31.695272+00:00
gl_bc4a2cb8f817e03c,https://dallasnews.com/world/,dallasnews.com,Non_MFA,editorial_publisher_allowlist,high,category,news,Established editorial publisher; legitimate ad inventory baseline,seed-v1-2026-07-03,2026-07-03T13:16:31.695272+00:00
gl_b3fa331033ed299c,https://dallasnews.com/politics/,dallasnews.com,Non_MFA,editorial_publisher_allowlist,high,category,news,Established editorial publisher; legitimate ad inventory baseline,seed-v1-2026-07-03,2026-07-03T13:16:31.695272+00:00
gl_87c01bfea58198b7,https://dallasnews.com/2024/06/15/global-markets-rally-on-inflation-data/,dallasnews.com,Non_MFA,editorial_publisher_allowlist,high,article,news,Established editorial publisher; legitimate ad inventory baseline,seed-v1-2026-07-03,2026-07-03T13:16:31.695272+00:00
gl_4593c64624c29976,https://philly.com/,philly.com,Non_MFA,editorial_publisher_allowlist,high,homepage,news,Established editorial publisher; legitimate ad inventory baseline,seed-v1-2026-07-03,2026-07-03T13:16:31.695272+00:00
gl_05de622793f58265,https://philly.com/world/,philly.com,Non_MFA,editorial_publisher_allowlist,high,category,news,Established editorial publisher; legitimate ad inventory baseline,seed-v1-2026-07-03,2026-07-03T13:16:31.695272+00:00
gl_6fdfbad60cb87fa9,https://philly.com/politics/,philly.com,Non_MFA,editorial_publisher_allowlist,high,category,news,Established editorial publisher; legitimate ad inventory baseline,seed-v1-2026-07-03,2026-07-03T13:16:31.695272+00:00
gl_8a800545df848762,https://philly.com/2024/06/15/global-markets-rally-on-inflation-data/,philly.com,Non_MFA,editorial_publisher_allowlist,high,article,news,Established editorial publisher; legitimate ad inventory baseline,seed-v1-2026-07-03,2026-07-03T13:16:31.695272+00:00
gl_af20bbfa372807ac,https://startribune.com/,startribune.com,Non_MFA,editorial_publisher_allowlist,high,homepage,news,Established editorial publisher; legitimate ad inventory baseline,seed-v1-2026-07-03,2026-07-03T13:16:31.695272+00:00
gl_1cbc5193976c3243,https://startribune.com/world/,startribune.com,Non_MFA,editorial_publisher_allowlist,high,category,news,Established editorial publisher; legitimate ad inventory baseline,seed-v1-2026-07-03,2026-07-03T13:16:31.695272+00:00
gl_d107231bd3054d3c,https://startribune.com/politics/,startribune.com,Non_MFA,editorial_publisher_allowlist,high,category,news,Established editorial publisher; legitimate ad inventory baseline,seed-v1-2026-07-03,2026-07-03T13:16:31.695272+00:00
gl_38c9c1b5a393b5c3,https://startribune.com/2024/06/15/global-markets-rally-on-inflation-data/,startribune.com,Non_MFA,editorial_publisher_allowlist,high,article,news,Established editorial publisher; legitimate ad inventory baseline,seed-v1-2026-07-03,2026-07-03T13:16:31.695272+00:00
gl_83a7d69747edd6ff,https://oregonlive.com/,oregonlive.com,Non_MFA,editorial_publisher_allowlist,high,homepage,news,Established editorial publisher; legitimate ad inventory baseline,seed-v1-2026-07-03,2026-07-03T13:16:31.695272+00:00
gl_c8465b4993be21ff,https://oregonlive.com/world/,oregonlive.com,Non_MFA,editorial_publisher_allowlist,high,category,news,Established editorial publisher; legitimate ad inventory baseline,seed-v1-2026-07-03,2026-07-03T13:16:31.695272+00:00
gl_1e406cd767531183,https://oregonlive.com/politics/,oregonlive.com,Non_MFA,editorial_publisher_allowlist,high,category,news,Established editorial publisher; legitimate ad inventory baseline,seed-v1-2026-07-03,2026-07-03T13:16:31.695272+00:00
gl_42115d07765c6670,https://oregonlive.com/2024/06/15/global-markets-rally-on-inflation-data/,oregonlive.com,Non_MFA,editorial_publisher_allowlist,high,article,news,Established editorial publisher; legitimate ad inventory baseline,seed-v1-2026-07-03,2026-07-03T13:16:31.695272+00:00
gl_da4e7e257dea27b2,https://caranddriver.com/,caranddriver.com,Non_MFA,editorial_publisher_allowlist,high,homepage,automotive,Established editorial publisher; legitimate ad inventory baseline,seed-v1-2026-07-03,2026-07-03T13:16:31.695272+00:00
gl_6832f40a5c233d6b,https://caranddriver.com/reviews/,caranddriver.com,Non_MFA,editorial_publisher_allowlist,high,category,automotive,Established editorial publisher; legitimate ad inventory baseline,seed-v1-2026-07-03,2026-07-03T13:16:31.695272+00:00
gl_eb9fbed7d3f95828,https://caranddriver.com/news/,caranddriver.com,Non_MFA,editorial_publisher_allowlist,high,category,automotive,Established editorial publisher; legitimate ad inventory baseline,seed-v1-2026-07-03,2026-07-03T13:16:31.695272+00:00
gl_01ce9cbfd182fb9f,https://caranddriver.com/2024/06/15/global-markets-rally-on-inflation-data/,caranddriver.com,Non_MFA,editorial_publisher_allowlist,high,article,automotive,Established editorial publisher; legitimate ad inventory baseline,seed-v1-2026-07-03,2026-07-03T13:16:31.695272+00:00
gl_b05b4b7f2c708616,https://motortrend.com/,motortrend.com,Non_MFA,editorial_publisher_allowlist,high,homepage,automotive,Established editorial publisher; legitimate ad inventory baseline,seed-v1-2026-07-03,2026-07-03T13:16:31.695272+00:00
gl_276bb0042e09dc7c,https://motortrend.com/reviews/,motortrend.com,Non_MFA,editorial_publisher_allowlist,high,category,automotive,Established editorial publisher; legitimate ad inventory baseline,seed-v1-2026-07-03,2026-07-03T13:16:31.695272+00:00
gl_ad4c609f3fae63b9,https://motortrend.com/news/,motortrend.com,Non_MFA,editorial_publisher_allowlist,high,category,automotive,Established editorial publisher; legitimate ad inventory baseline,seed-v1-2026-07-03,2026-07-03T13:16:31.695272+00:00
gl_ca2aed8469b28906,https://motortrend.com/2024/06/15/global-markets-rally-on-inflation-data/,motortrend.com,Non_MFA,editorial_publisher_allowlist,high,article,automotive,Established editorial publisher; legitimate ad inventory baseline,seed-v1-2026-07-03,2026-07-03T13:16:31.695272+00:00
gl_e9a05e32dcb75088,https://edmunds.com/,edmunds.com,Non_MFA,editorial_publisher_allowlist,high,homepage,automotive,Established editorial publisher; legitimate ad inventory baseline,seed-v1-2026-07-03,2026-07-03T13:16:31.695272+00:00
gl_6d3e85da585d74bd,https://edmunds.com/reviews/,edmunds.com,Non_MFA,editorial_publisher_allowlist,high,category,automotive,Established editorial publisher; legitimate ad inventory baseline,seed-v1-2026-07-03,2026-07-03T13:16:31.695272+00:00
gl_1b941e8c96620bf3,https://edmunds.com/news/,edmunds.com,Non_MFA,editorial_publisher_allowlist,high,category,automotive,Established editorial publisher; legitimate ad inventory baseline,seed-v1-2026-07-03,2026-07-03T13:16:31.695272+00:00
gl_1fca5377d298adda,https://edmunds.com/2024/06/15/global-markets-rally-on-inflation-data/,edmunds.com,Non_MFA,editorial_publisher_allowlist,high,article,automotive,Established editorial publisher; legitimate ad inventory baseline,seed-v1-2026-07-03,2026-07-03T13:16:31.695272+00:00
gl_f2701bd0e6a68898,https://lonelyplanet.com/,lonelyplanet.com,Non_MFA,editorial_publisher_allowlist,high,homepage,travel,Established editorial publisher; legitimate ad inventory baseline,seed-v1-2026-07-03,2026-07-03T13:16:31.695272+00:00
gl_c478c2301d07a2a9,https://lonelyplanet.com/destinations/,lonelyplanet.com,Non_MFA,editorial_publisher_allowlist,high,category,travel,Established editorial publisher; legitimate ad inventory baseline,seed-v1-2026-07-03,2026-07-03T13:16:31.695272+00:00
gl_e61e7a9488272548,https://lonelyplanet.com/hotels/,lonelyplanet.com,Non_MFA,editorial_publisher_allowlist,high,category,travel,Established editorial publisher; legitimate ad inventory baseline,seed-v1-2026-07-03,2026-07-03T13:16:31.695272+00:00
gl_c916a08056032fed,https://lonelyplanet.com/2024/06/15/global-markets-rally-on-inflation-data/,lonelyplanet.com,Non_MFA,editorial_publisher_allowlist,high,article,travel,Established editorial publisher; legitimate ad inventory baseline,seed-v1-2026-07-03,2026-07-03T13:16:31.695272+00:00
gl_6c79c1a219d25ae4,https://cntraveler.com/,cntraveler.com,Non_MFA,editorial_publisher_allowlist,high,homepage,travel,Established editorial publisher; legitimate ad inventory baseline,seed-v1-2026-07-03,2026-07-03T13:16:31.695272+00:00
gl_2753291e17012d1a,https://cntraveler.com/destinations/,cntraveler.com,Non_MFA,editorial_publisher_allowlist,high,category,travel,Established editorial publisher; legitimate ad inventory baseline,seed-v1-2026-07-03,2026-07-03T13:16:31.695272+00:00
gl_33b4bbf23649ef7a,https://cntraveler.com/hotels/,cntraveler.com,Non_MFA,editorial_publisher_allowlist,high,category,travel,Established editorial publisher; legitimate ad inventory baseline,seed-v1-2026-07-03,2026-07-03T13:16:31.695272+00:00
gl_81edbab780189740,https://cntraveler.com/2024/06/15/global-markets-rally-on-inflation-data/,cntraveler.com,Non_MFA,editorial_publisher_allowlist,high,article,travel,Established editorial publisher; legitimate ad inventory baseline,seed-v1-2026-07-03,2026-07-03T13:16:31.695272+00:00
gl_200f57e8886d4204,https://afar.com/,afar.com,Non_MFA,editorial_publisher_allowlist,high,homepage,travel,Established editorial publisher; legitimate ad inventory baseline,seed-v1-2026-07-03,2026-07-03T13:16:31.695272+00:00
gl_320f012f5b988bf7,https://afar.com/destinations/,afar.com,Non_MFA,editorial_publisher_allowlist,high,category,travel,Established editorial publisher; legitimate ad inventory baseline,seed-v1-2026-07-03,2026-07-03T13:16:31.695272+00:00
gl_57e09517b22570f3,https://afar.com/hotels/,afar.com,Non_MFA,editorial_publisher_allowlist,high,category,travel,Established editorial publisher; legitimate ad inventory baseline,seed-v1-2026-07-03,2026-07-03T13:16:31.695272+00:00
gl_ecdadfa19cebf5aa,https://afar.com/2024/06/15/global-markets-rally-on-inflation-data/,afar.com,Non_MFA,editorial_publisher_allowlist,high,article,travel,Established editorial publisher; legitimate ad inventory baseline,seed-v1-2026-07-03,2026-07-03T13:16:31.695272+00:00
gl_b5b0a6596205d9ac,https://tripadvisor.com/,tripadvisor.com,Non_MFA,editorial_publisher_allowlist,high,homepage,travel,Established editorial publisher; legitimate ad inventory baseline,seed-v1-2026-07-03,2026-07-03T13:16:31.695272+00:00
gl_161555e8eddc8d2d,https://tripadvisor.com/destinations/,tripadvisor.com,Non_MFA,editorial_publisher_allowlist,high,category,travel,Established editorial publisher; legitimate ad inventory baseline,seed-v1-2026-07-03,2026-07-03T13:16:31.695272+00:00
gl_bc120ae8a149701b,https://tripadvisor.com/hotels/,tripadvisor.com,Non_MFA,editorial_publisher_allowlist,high,category,travel,Established editorial publisher; legitimate ad inventory baseline,seed-v1-2026-07-03,2026-07-03T13:16:31.695272+00:00
gl_f90cf1244be5e4cb,https://tripadvisor.com/2024/06/15/global-markets-rally-on-inflation-data/,tripadvisor.com,Non_MFA,editorial_publisher_allowlist,high,article,travel,Established editorial publisher; legitimate ad inventory baseline,seed-v1-2026-07-03,2026-07-03T13:16:31.695272+00:00
gl_2439b8618639848c,https://parents.com/,parents.com,Non_MFA,editorial_publisher_allowlist,high,homepage,parenting,Established editorial publisher; legitimate ad inventory baseline,seed-v1-2026-07-03,2026-07-03T13:16:31.695272+00:00
gl_539624157bcbac91,https://parents.com/baby/,parents.com,Non_MFA,editorial_publisher_allowlist,high,category,parenting,Established editorial publisher; legitimate ad inventory baseline,seed-v1-2026-07-03,2026-07-03T13:16:31.695272+00:00
gl_1466b3397dcc04b1,https://parents.com/toddler/,parents.com,Non_MFA,editorial_publisher_allowlist,high,category,parenting,Established editorial publisher; legitimate ad inventory baseline,seed-v1-2026-07-03,2026-07-03T13:16:31.695272+00:00
gl_4345978c38a8e6fc,https://parents.com/2024/06/15/global-markets-rally-on-inflation-data/,parents.com,Non_MFA,editorial_publisher_allowlist,high,article,parenting,Established editorial publisher; legitimate ad inventory baseline,seed-v1-2026-07-03,2026-07-03T13:16:31.695272+00:00
gl_57deb253ddf8ffc6,https://babycenter.com/,babycenter.com,Non_MFA,editorial_publisher_allowlist,high,homepage,parenting,Established editorial publisher; legitimate ad inventory baseline,seed-v1-2026-07-03,2026-07-03T13:16:31.695272+00:00
gl_523270755eff6c61,https://babycenter.com/baby/,babycenter.com,Non_MFA,editorial_publisher_allowlist,high,category,parenting,Established editorial publisher; legitimate ad inventory baseline,seed-v1-2026-07-03,2026-07-03T13:16:31.695272+00:00
gl_199dc2d300149282,https://babycenter.com/toddler/,babycenter.com,Non_MFA,editorial_publisher_allowlist,high,category,parenting,Established editorial publisher; legitimate ad inventory baseline,seed-v1-2026-07-03,2026-07-03T13:16:31.695272+00:00
gl_11d2e599ed8a5f92,https://babycenter.com/2024/06/15/global-markets-rally-on-inflation-data/,babycenter.com,Non_MFA,editorial_publisher_allowlist,high,article,parenting,Established editorial publisher; legitimate ad inventory baseline,seed-v1-2026-07-03,2026-07-03T13:16:31.695272+00:00
gl_ead18965c658ed4a,https://whattoexpect.com/,whattoexpect.com,Non_MFA,editorial_publisher_allowlist,high,homepage,parenting,Established editorial publisher; legitimate ad inventory baseline,seed-v1-2026-07-03,2026-07-03T13:16:31.695272+00:00
gl_4e186c2373d5dfae,https://whattoexpect.com/baby/,whattoexpect.com,Non_MFA,editorial_publisher_allowlist,high,category,parenting,Established editorial publisher; legitimate ad inventory baseline,seed-v1-2026-07-03,2026-07-03T13:16:31.695272+00:00
gl_59d539cffb85205f,https://whattoexpect.com/toddler/,whattoexpect.com,Non_MFA,editorial_publisher_allowlist,high,category,parenting,Established editorial publisher; legitimate ad inventory baseline,seed-v1-2026-07-03,2026-07-03T13:16:31.695272+00:00
gl_34fc5d593d09691d,https://whattoexpect.com/2024/06/15/global-markets-rally-on-inflation-data/,whattoexpect.com,Non_MFA,editorial_publisher_allowlist,high,article,parenting,Established editorial publisher; legitimate ad inventory baseline,seed-v1-2026-07-03,2026-07-03T13:16:31.695272+00:00
